policy_type,suite,task_id,task_name,init_state_id,seed,episode_id,run_id,model,source,control_mode,success,terminal_failure,num_steps,observed_step_rows,step_idx_min,step_idx_max,step_indices_contiguous,reward_sum,max_reward,done_any,instruction,bddl_file,video_path,heuristic_version,heuristic_failure_label,heuristic_close_cycles,heuristic_held_fraction_closed_steps,heuristic_ever_held,heuristic_max_lift_m,heuristic_closed_on_air_fraction
openvla,libero_spatial,0,pick_up_the_black_bowl_between_the_plate_and_the_ramekin_and_place_it_on_the_plate,0,7,libero_spatial/0/0/7,rollout-openvla,,libero,relative,true,,84,84,0,83,true,1,1,true,pick up the black bowl between the plate and the ramekin and place it on the plate,pick_up_the_black_bowl_between_the_plate_and_the_ramekin_and_place_it_on_the_plate.bddl,/outputs/videos/openvla/libero_spatial__0__0__7__success.mp4,failure-signatures-v1,not_applicable_success,,,,,
openvla,libero_spatial,0,pick_up_the_black_bowl_between_the_plate_and_the_ramekin_and_place_it_on_the_plate,1,7,libero_spatial/0/1/7,rollout-openvla,,libero,relative,true,,84,84,0,83,true,1,1,true,pick up the black bowl between the plate and the ramekin and place it on the plate,pick_up_the_black_bowl_between_the_plate_and_the_ramekin_and_place_it_on_the_plate.bddl,/outputs/videos/openvla/libero_spatial__0__1__7__success.mp4,failure-signatures-v1,not_applicable_success,,,,,
openvla,libero_spatial,0,pick_up_the_black_bowl_between_the_plate_and_the_ramekin_and_place_it_on_the_plate,2,7,libero_spatial/0/2/7,rollout-openvla,,libero,relative,true,,80,80,0,79,true,1,1,true,pick up the black bowl between the plate and the ramekin and place it on the plate,pick_up_the_black_bowl_between_the_plate_and_the_ramekin_and_place_it_on_the_plate.bddl,/outputs/videos/openvla/libero_spatial__0__2__7__success.mp4,failure-signatures-v1,not_applicable_success,,,,,
openvla,libero_spatial,0,pick_up_the_black_bowl_between_the_plate_and_the_ramekin_and_place_it_on_the_plate,3,7,libero_spatial/0/3/7,rollout-openvla,,libero,relative,true,,77,77,0,76,true,1,1,true,pick up the black bowl between the plate and the ramekin and place it on the plate,pick_up_the_black_bowl_between_the_plate_and_the_ramekin_and_place_it_on_the_plate.bddl,/outputs/videos/openvla/libero_spatial__0__3__7__success.mp4,failure-signatures-v1,not_applicable_success,,,,,
openvla,libero_spatial,0,pick_up_the_black_bowl_between_the_plate_and_the_ramekin_and_place_it_on_the_plate,4,7,libero_spatial/0/4/7,rollout-openvla,,libero,relative,true,,94,94,0,93,true,1,1,true,pick up the black bowl between the plate and the ramekin and place it on the plate,pick_up_the_black_bowl_between_the_plate_and_the_ramekin_and_place_it_on_the_plate.bddl,/outputs/videos/openvla/libero_spatial__0__4__7__success.mp4,failure-signatures-v1,not_applicable_success,,,,,
openvla,libero_spatial,0,pick_up_the_black_bowl_between_the_plate_and_the_ramekin_and_place_it_on_the_plate,5,7,libero_spatial/0/5/7,rollout-openvla,,libero,relative,true,,76,76,0,75,true,1,1,true,pick up the black bowl between the plate and the ramekin and place it on the plate,pick_up_the_black_bowl_between_the_plate_and_the_ramekin_and_place_it_on_the_plate.bddl,/outputs/videos/openvla/libero_spatial__0__5__7__success.mp4,failure-signatures-v1,not_applicable_success,,,,,
openvla,libero_spatial,0,pick_up_the_black_bowl_between_the_plate_and_the_ramekin_and_place_it_on_the_plate,6,7,libero_spatial/0/6/7,rollout-openvla,,libero,relative,true,,77,77,0,76,true,1,1,true,pick up the black bowl between the plate and the ramekin and place it on the plate,pick_up_the_black_bowl_between_the_plate_and_the_ramekin_and_place_it_on_the_plate.bddl,/outputs/videos/openvla/libero_spatial__0__6__7__success.mp4,failure-signatures-v1,not_applicable_success,,,,,
openvla,libero_spatial,0,pick_up_the_black_bowl_between_the_plate_and_the_ramekin_and_place_it_on_the_plate,7,7,libero_spatial/0/7/7,rollout-openvla,,libero,relative,true,,81,81,0,80,true,1,1,true,pick up the black bowl between the plate and the ramekin and place it on the plate,pick_up_the_black_bowl_between_the_plate_and_the_ramekin_and_place_it_on_the_plate.bddl,/outputs/videos/openvla/libero_spatial__0__7__7__success.mp4,failure-signatures-v1,not_applicable_success,,,,,
openvla,libero_spatial,0,pick_up_the_black_bowl_between_the_plate_and_the_ramekin_and_place_it_on_the_plate,8,7,libero_spatial/0/8/7,rollout-openvla,,libero,relative,true,,91,91,0,90,true,1,1,true,pick up the black bowl between the plate and the ramekin and place it on the plate,pick_up_the_black_bowl_between_the_plate_and_the_ramekin_and_place_it_on_the_plate.bddl,/outputs/videos/openvla/libero_spatial__0__8__7__success.mp4,failure-signatures-v1,not_applicable_success,,,,,
openvla,libero_spatial,0,pick_up_the_black_bowl_between_the_plate_and_the_ramekin_and_place_it_on_the_plate,9,7,libero_spatial/0/9/7,rollout-openvla,,libero,relative,true,,83,83,0,82,true,1,1,true,pick up the black bowl between the plate and the ramekin and place it on the plate,pick_up_the_black_bowl_between_the_plate_and_the_ramekin_and_place_it_on_the_plate.bddl,/outputs/videos/openvla/libero_spatial__0__9__7__success.mp4,failure-signatures-v1,not_applicable_success,,,,,
openvla,libero_spatial,1,pick_up_the_black_bowl_next_to_the_ramekin_and_place_it_on_the_plate,0,7,libero_spatial/1/0/7,rollout-openvla,,libero,relative,false,unlabeled,250,250,0,249,true,0,0,false,pick up the black bowl next to the ramekin and place it on the plate,pick_up_the_black_bowl_next_to_the_ramekin_and_place_it_on_the_plate.bddl,/outputs/videos/openvla/libero_spatial__1__0__7__fail.mp4,failure-signatures-v1,repeated_close_candidate,23,0.65625,true,0.14655071497,0.1015625
openvla,libero_spatial,1,pick_up_the_black_bowl_next_to_the_ramekin_and_place_it_on_the_plate,1,7,libero_spatial/1/1/7,rollout-openvla,,libero,relative,true,,118,118,0,117,true,1,1,true,pick up the black bowl next to the ramekin and place it on the plate,pick_up_the_black_bowl_next_to_the_ramekin_and_place_it_on_the_plate.bddl,/outputs/videos/openvla/libero_spatial__1__1__7__success.mp4,failure-signatures-v1,not_applicable_success,,,,,
openvla,libero_spatial,1,pick_up_the_black_bowl_next_to_the_ramekin_and_place_it_on_the_plate,2,7,libero_spatial/1/2/7,rollout-openvla,,libero,relative,true,,118,118,0,117,true,1,1,true,pick up the black bowl next to the ramekin and place it on the plate,pick_up_the_black_bowl_next_to_the_ramekin_and_place_it_on_the_plate.bddl,/outputs/videos/openvla/libero_spatial__1__2__7__success.mp4,failure-signatures-v1,not_applicable_success,,,,,
openvla,libero_spatial,1,pick_up_the_black_bowl_next_to_the_ramekin_and_place_it_on_the_plate,3,7,libero_spatial/1/3/7,rollout-openvla,,libero,relative,true,,117,117,0,116,true,1,1,true,pick up the black bowl next to the ramekin and place it on the plate,pick_up_the_black_bowl_next_to_the_ramekin_and_place_it_on_the_plate.bddl,/outputs/videos/openvla/libero_spatial__1__3__7__success.mp4,failure-signatures-v1,not_applicable_success,,,,,
openvla,libero_spatial,1,pick_up_the_black_bowl_next_to_the_ramekin_and_place_it_on_the_plate,4,7,libero_spatial/1/4/7,rollout-openvla,,libero,relative,true,,109,109,0,108,true,1,1,true,pick up the black bowl next to the ramekin and place it on the plate,pick_up_the_black_bowl_next_to_the_ramekin_and_place_it_on_the_plate.bddl,/outputs/videos/openvla/libero_spatial__1__4__7__success.mp4,failure-signatures-v1,not_applicable_success,,,,,
openvla,libero_spatial,1,pick_up_the_black_bowl_next_to_the_ramekin_and_place_it_on_the_plate,5,7,libero_spatial/1/5/7,rollout-openvla,,libero,relative,true,,99,99,0,98,true,1,1,true,pick up the black bowl next to the ramekin and place it on the plate,pick_up_the_black_bowl_next_to_the_ramekin_and_place_it_on_the_plate.bddl,/outputs/videos/openvla/libero_spatial__1__5__7__success.mp4,failure-signatures-v1,not_applicable_success,,,,,
openvla,libero_spatial,1,pick_up_the_black_bowl_next_to_the_ramekin_and_place_it_on_the_plate,6,7,libero_spatial/1/6/7,rollout-openvla,,libero,relative,true,,116,116,0,115,true,1,1,true,pick up the black bowl next to the ramekin and place it on the plate,pick_up_the_black_bowl_next_to_the_ramekin_and_place_it_on_the_plate.bddl,/outputs/videos/openvla/libero_spatial__1__6__7__success.mp4,failure-signatures-v1,not_applicable_success,,,,,
openvla,libero_spatial,1,pick_up_the_black_bowl_next_to_the_ramekin_and_place_it_on_the_plate,7,7,libero_spatial/1/7/7,rollout-openvla,,libero,relative,true,,115,115,0,114,true,1,1,true,pick up the black bowl next to the ramekin and place it on the plate,pick_up_the_black_bowl_next_to_the_ramekin_and_place_it_on_the_plate.bddl,/outputs/videos/openvla/libero_spatial__1__7__7__success.mp4,failure-signatures-v1,not_applicable_success,,,,,
openvla,libero_spatial,1,pick_up_the_black_bowl_next_to_the_ramekin_and_place_it_on_the_plate,8,7,libero_spatial/1/8/7,rollout-openvla,,libero,relative,true,,131,131,0,130,true,1,1,true,pick up the black bowl next to the ramekin and place it on the plate,pick_up_the_black_bowl_next_to_the_ramekin_and_place_it_on_the_plate.bddl,/outputs/videos/openvla/libero_spatial__1__8__7__success.mp4,failure-signatures-v1,not_applicable_success,,,,,
openvla,libero_spatial,1,pick_up_the_black_bowl_next_to_the_ramekin_and_place_it_on_the_plate,9,7,libero_spatial/1/9/7,rollout-openvla,,libero,relative,false,unlabeled,250,250,0,249,true,0,0,false,pick up the black bowl next to the ramekin and place it on the plate,pick_up_the_black_bowl_next_to_the_ramekin_and_place_it_on_the_plate.bddl,/outputs/videos/openvla/libero_spatial__1__9__7__fail.mp4,failure-signatures-v1,repeated_close_candidate,5,1,true,0.196846723557,0
openvla,libero_spatial,2,pick_up_the_black_bowl_from_table_center_and_place_it_on_the_plate,0,7,libero_spatial/2/0/7,rollout-openvla,,libero,relative,true,,130,130,0,129,true,1,1,true,pick up the black bowl from table center and place it on the plate,pick_up_the_black_bowl_from_table_center_and_place_it_on_the_plate.bddl,/outputs/videos/openvla/libero_spatial__2__0__7__success.mp4,failure-signatures-v1,not_applicable_success,,,,,
openvla,libero_spatial,2,pick_up_the_black_bowl_from_table_center_and_place_it_on_the_plate,1,7,libero_spatial/2/1/7,rollout-openvla,,libero,relative,true,,111,111,0,110,true,1,1,true,pick up the black bowl from table center and place it on the plate,pick_up_the_black_bowl_from_table_center_and_place_it_on_the_plate.bddl,/outputs/videos/openvla/libero_spatial__2__1__7__success.mp4,failure-signatures-v1,not_applicable_success,,,,,
openvla,libero_spatial,2,pick_up_the_black_bowl_from_table_center_and_place_it_on_the_plate,2,7,libero_spatial/2/2/7,rollout-openvla,,libero,relative,true,,106,106,0,105,true,1,1,true,pick up the black bowl from table center and place it on the plate,pick_up_the_black_bowl_from_table_center_and_place_it_on_the_plate.bddl,/outputs/videos/openvla/libero_spatial__2__2__7__success.mp4,failure-signatures-v1,not_applicable_success,,,,,
openvla,libero_spatial,2,pick_up_the_black_bowl_from_table_center_and_place_it_on_the_plate,3,7,libero_spatial/2/3/7,rollout-openvla,,libero,relative,true,,88,88,0,87,true,1,1,true,pick up the black bowl from table center and place it on the plate,pick_up_the_black_bowl_from_table_center_and_place_it_on_the_plate.bddl,/outputs/videos/openvla/libero_spatial__2__3__7__success.mp4,failure-signatures-v1,not_applicable_success,,,,,
openvla,libero_spatial,2,pick_up_the_black_bowl_from_table_center_and_place_it_on_the_plate,4,7,libero_spatial/2/4/7,rollout-openvla,,libero,relative,true,,101,101,0,100,true,1,1,true,pick up the black bowl from table center and place it on the plate,pick_up_the_black_bowl_from_table_center_and_place_it_on_the_plate.bddl,/outputs/videos/openvla/libero_spatial__2__4__7__success.mp4,failure-signatures-v1,not_applicable_success,,,,,
openvla,libero_spatial,2,pick_up_the_black_bowl_from_table_center_and_place_it_on_the_plate,5,7,libero_spatial/2/5/7,rollout-openvla,,libero,relative,true,,118,118,0,117,true,1,1,true,pick up the black bowl from table center and place it on the plate,pick_up_the_black_bowl_from_table_center_and_place_it_on_the_plate.bddl,/outputs/videos/openvla/libero_spatial__2__5__7__success.mp4,failure-signatures-v1,not_applicable_success,,,,,
openvla,libero_spatial,2,pick_up_the_black_bowl_from_table_center_and_place_it_on_the_plate,6,7,libero_spatial/2/6/7,rollout-openvla,,libero,relative,true,,101,101,0,100,true,1,1,true,pick up the black bowl from table center and place it on the plate,pick_up_the_black_bowl_from_table_center_and_place_it_on_the_plate.bddl,/outputs/videos/openvla/libero_spatial__2__6__7__success.mp4,failure-signatures-v1,not_applicable_success,,,,,
openvla,libero_spatial,2,pick_up_the_black_bowl_from_table_center_and_place_it_on_the_plate,7,7,libero_spatial/2/7/7,rollout-openvla,,libero,relative,true,,194,194,0,193,true,1,1,true,pick up the black bowl from table center and place it on the plate,pick_up_the_black_bowl_from_table_center_and_place_it_on_the_plate.bddl,/outputs/videos/openvla/libero_spatial__2__7__7__success.mp4,failure-signatures-v1,not_applicable_success,,,,,
openvla,libero_spatial,2,pick_up_the_black_bowl_from_table_center_and_place_it_on_the_plate,8,7,libero_spatial/2/8/7,rollout-openvla,,libero,relative,false,unlabeled,250,250,0,249,true,0,0,false,pick up the black bowl from table center and place it on the plate,pick_up_the_black_bowl_from_table_center_and_place_it_on_the_plate.bddl,/outputs/videos/openvla/libero_spatial__2__8__7__fail.mp4,failure-signatures-v1,no_hold_signal_candidate,0,0,false,0,0
openvla,libero_spatial,2,pick_up_the_black_bowl_from_table_center_and_place_it_on_the_plate,9,7,libero_spatial/2/9/7,rollout-openvla,,libero,relative,true,,107,107,0,106,true,1,1,true,pick up the black bowl from table center and place it on the plate,pick_up_the_black_bowl_from_table_center_and_place_it_on_the_plate.bddl,/outputs/videos/openvla/libero_spatial__2__9__7__success.mp4,failure-signatures-v1,not_applicable_success,,,,,
openvla,libero_spatial,3,pick_up_the_black_bowl_on_the_cookie_box_and_place_it_on_the_plate,0,7,libero_spatial/3/0/7,rollout-openvla,,libero,relative,true,,89,89,0,88,true,1,1,true,pick up the black bowl on the cookie box and place it on the plate,pick_up_the_black_bowl_on_the_cookie_box_and_place_it_on_the_plate.bddl,/outputs/videos/openvla/libero_spatial__3__0__7__success.mp4,failure-signatures-v1,not_applicable_success,,,,,
openvla,libero_spatial,3,pick_up_the_black_bowl_on_the_cookie_box_and_place_it_on_the_plate,1,7,libero_spatial/3/1/7,rollout-openvla,,libero,relative,true,,110,110,0,109,true,1,1,true,pick up the black bowl on the cookie box and place it on the plate,pick_up_the_black_bowl_on_the_cookie_box_and_place_it_on_the_plate.bddl,/outputs/videos/openvla/libero_spatial__3__1__7__success.mp4,failure-signatures-v1,not_applicable_success,,,,,
openvla,libero_spatial,3,pick_up_the_black_bowl_on_the_cookie_box_and_place_it_on_the_plate,2,7,libero_spatial/3/2/7,rollout-openvla,,libero,relative,true,,84,84,0,83,true,1,1,true,pick up the black bowl on the cookie box and place it on the plate,pick_up_the_black_bowl_on_the_cookie_box_and_place_it_on_the_plate.bddl,/outputs/videos/openvla/libero_spatial__3__2__7__success.mp4,failure-signatures-v1,not_applicable_success,,,,,
openvla,libero_spatial,3,pick_up_the_black_bowl_on_the_cookie_box_and_place_it_on_the_plate,3,7,libero_spatial/3/3/7,rollout-openvla,,libero,relative,false,unlabeled,250,250,0,249,true,0,0,false,pick up the black bowl on the cookie box and place it on the plate,pick_up_the_black_bowl_on_the_cookie_box_and_place_it_on_the_plate.bddl,/outputs/videos/openvla/libero_spatial__3__3__7__fail.mp4,failure-signatures-v1,repeated_close_candidate,13,0.561797752809,true,0.152300953865,0.292134831461
openvla,libero_spatial,3,pick_up_the_black_bowl_on_the_cookie_box_and_place_it_on_the_plate,4,7,libero_spatial/3/4/7,rollout-openvla,,libero,relative,true,,91,91,0,90,true,1,1,true,pick up the black bowl on the cookie box and place it on the plate,pick_up_the_black_bowl_on_the_cookie_box_and_place_it_on_the_plate.bddl,/outputs/videos/openvla/libero_spatial__3__4__7__success.mp4,failure-signatures-v1,not_applicable_success,,,,,
openvla,libero_spatial,3,pick_up_the_black_bowl_on_the_cookie_box_and_place_it_on_the_plate,5,7,libero_spatial/3/5/7,rollout-openvla,,libero,relative,true,,89,89,0,88,true,1,1,true,pick up the black bowl on the cookie box and place it on the plate,pick_up_the_black_bowl_on_the_cookie_box_and_place_it_on_the_plate.bddl,/outputs/videos/openvla/libero_spatial__3__5__7__success.mp4,failure-signatures-v1,not_applicable_success,,,,,
openvla,libero_spatial,3,pick_up_the_black_bowl_on_the_cookie_box_and_place_it_on_the_plate,6,7,libero_spatial/3/6/7,rollout-openvla,,libero,relative,true,,84,84,0,83,true,1,1,true,pick up the black bowl on the cookie box and place it on the plate,pick_up_the_black_bowl_on_the_cookie_box_and_place_it_on_the_plate.bddl,/outputs/videos/openvla/libero_spatial__3__6__7__success.mp4,failure-signatures-v1,not_applicable_success,,,,,
openvla,libero_spatial,3,pick_up_the_black_bowl_on_the_cookie_box_and_place_it_on_the_plate,7,7,libero_spatial/3/7/7,rollout-openvla,,libero,relative,true,,87,87,0,86,true,1,1,true,pick up the black bowl on the cookie box and place it on the plate,pick_up_the_black_bowl_on_the_cookie_box_and_place_it_on_the_plate.bddl,/outputs/videos/openvla/libero_spatial__3__7__7__success.mp4,failure-signatures-v1,not_applicable_success,,,,,
openvla,libero_spatial,3,pick_up_the_black_bowl_on_the_cookie_box_and_place_it_on_the_plate,8,7,libero_spatial/3/8/7,rollout-openvla,,libero,relative,true,,116,116,0,115,true,1,1,true,pick up the black bowl on the cookie box and place it on the plate,pick_up_the_black_bowl_on_the_cookie_box_and_place_it_on_the_plate.bddl,/outputs/videos/openvla/libero_spatial__3__8__7__success.mp4,failure-signatures-v1,not_applicable_success,,,,,
openvla,libero_spatial,3,pick_up_the_black_bowl_on_the_cookie_box_and_place_it_on_the_plate,9,7,libero_spatial/3/9/7,rollout-openvla,,libero,relative,true,,86,86,0,85,true,1,1,true,pick up the black bowl on the cookie box and place it on the plate,pick_up_the_black_bowl_on_the_cookie_box_and_place_it_on_the_plate.bddl,/outputs/videos/openvla/libero_spatial__3__9__7__success.mp4,failure-signatures-v1,not_applicable_success,,,,,
openvla,libero_spatial,4,pick_up_the_black_bowl_in_the_top_drawer_of_the_wooden_cabinet_and_place_it_on_the_plate,0,7,libero_spatial/4/0/7,rollout-openvla,,libero,relative,true,,136,136,0,135,true,1,1,true,pick up the black bowl in the top drawer of the wooden cabinet and place it on the plate,pick_up_the_black_bowl_in_the_top_drawer_of_the_wooden_cabinet_and_place_it_on_the_plate.bddl,/outputs/videos/openvla/libero_spatial__4__0__7__success.mp4,failure-signatures-v1,not_applicable_success,,,,,
openvla,libero_spatial,4,pick_up_the_black_bowl_in_the_top_drawer_of_the_wooden_cabinet_and_place_it_on_the_plate,1,7,libero_spatial/4/1/7,rollout-openvla,,libero,relative,false,unlabeled,250,250,0,249,true,0,0,false,pick up the black bowl in the top drawer of the wooden cabinet and place it on the plate,pick_up_the_black_bowl_in_the_top_drawer_of_the_wooden_cabinet_and_place_it_on_the_plate.bddl,/outputs/videos/openvla/libero_spatial__4__1__7__fail.mp4,failure-signatures-v1,repeated_close_candidate,11,1,true,0.00703728199005,0
openvla,libero_spatial,4,pick_up_the_black_bowl_in_the_top_drawer_of_the_wooden_cabinet_and_place_it_on_the_plate,2,7,libero_spatial/4/2/7,rollout-openvla,,libero,relative,true,,154,154,0,153,true,1,1,true,pick up the black bowl in the top drawer of the wooden cabinet and place it on the plate,pick_up_the_black_bowl_in_the_top_drawer_of_the_wooden_cabinet_and_place_it_on_the_plate.bddl,/outputs/videos/openvla/libero_spatial__4__2__7__success.mp4,failure-signatures-v1,not_applicable_success,,,,,
openvla,libero_spatial,4,pick_up_the_black_bowl_in_the_top_drawer_of_the_wooden_cabinet_and_place_it_on_the_plate,3,7,libero_spatial/4/3/7,rollout-openvla,,libero,relative,false,unlabeled,250,250,0,249,true,0,0,false,pick up the black bowl in the top drawer of the wooden cabinet and place it on the plate,pick_up_the_black_bowl_in_the_top_drawer_of_the_wooden_cabinet_and_place_it_on_the_plate.bddl,/outputs/videos/openvla/libero_spatial__4__3__7__fail.mp4,failure-signatures-v1,repeated_close_candidate,7,1,true,0.049990773201,0
openvla,libero_spatial,4,pick_up_the_black_bowl_in_the_top_drawer_of_the_wooden_cabinet_and_place_it_on_the_plate,4,7,libero_spatial/4/4/7,rollout-openvla,,libero,relative,false,unlabeled,250,250,0,249,true,0,0,false,pick up the black bowl in the top drawer of the wooden cabinet and place it on the plate,pick_up_the_black_bowl_in_the_top_drawer_of_the_wooden_cabinet_and_place_it_on_the_plate.bddl,/outputs/videos/openvla/libero_spatial__4__4__7__fail.mp4,failure-signatures-v1,repeated_close_candidate,18,0.316129032258,true,0.215053677559,0.58064516129
openvla,libero_spatial,4,pick_up_the_black_bowl_in_the_top_drawer_of_the_wooden_cabinet_and_place_it_on_the_plate,5,7,libero_spatial/4/5/7,rollout-openvla,,libero,relative,true,,133,133,0,132,true,1,1,true,pick up the black bowl in the top drawer of the wooden cabinet and place it on the plate,pick_up_the_black_bowl_in_the_top_drawer_of_the_wooden_cabinet_and_place_it_on_the_plate.bddl,/outputs/videos/openvla/libero_spatial__4__5__7__success.mp4,failure-signatures-v1,not_applicable_success,,,,,
openvla,libero_spatial,4,pick_up_the_black_bowl_in_the_top_drawer_of_the_wooden_cabinet_and_place_it_on_the_plate,6,7,libero_spatial/4/6/7,rollout-openvla,,libero,relative,true,,151,151,0,150,true,1,1,true,pick up the black bowl in the top drawer of the wooden cabinet and place it on the plate,pick_up_the_black_bowl_in_the_top_drawer_of_the_wooden_cabinet_and_place_it_on_the_plate.bddl,/outputs/videos/openvla/libero_spatial__4__6__7__success.mp4,failure-signatures-v1,not_applicable_success,,,,,
openvla,libero_spatial,4,pick_up_the_black_bowl_in_the_top_drawer_of_the_wooden_cabinet_and_place_it_on_the_plate,7,7,libero_spatial/4/7/7,rollout-openvla,,libero,relative,true,,122,122,0,121,true,1,1,true,pick up the black bowl in the top drawer of the wooden cabinet and place it on the plate,pick_up_the_black_bowl_in_the_top_drawer_of_the_wooden_cabinet_and_place_it_on_the_plate.bddl,/outputs/videos/openvla/libero_spatial__4__7__7__success.mp4,failure-signatures-v1,not_applicable_success,,,,,
openvla,libero_spatial,4,pick_up_the_black_bowl_in_the_top_drawer_of_the_wooden_cabinet_and_place_it_on_the_plate,8,7,libero_spatial/4/8/7,rollout-openvla,,libero,relative,true,,126,126,0,125,true,1,1,true,pick up the black bowl in the top drawer of the wooden cabinet and place it on the plate,pick_up_the_black_bowl_in_the_top_drawer_of_the_wooden_cabinet_and_place_it_on_the_plate.bddl,/outputs/videos/openvla/libero_spatial__4__8__7__success.mp4,failure-signatures-v1,not_applicable_success,,,,,
openvla,libero_spatial,4,pick_up_the_black_bowl_in_the_top_drawer_of_the_wooden_cabinet_and_place_it_on_the_plate,9,7,libero_spatial/4/9/7,rollout-openvla,,libero,relative,true,,143,143,0,142,true,1,1,true,pick up the black bowl in the top drawer of the wooden cabinet and place it on the plate,pick_up_the_black_bowl_in_the_top_drawer_of_the_wooden_cabinet_and_place_it_on_the_plate.bddl,/outputs/videos/openvla/libero_spatial__4__9__7__success.mp4,failure-signatures-v1,not_applicable_success,,,,,
openvla,libero_spatial,5,pick_up_the_black_bowl_on_the_ramekin_and_place_it_on_the_plate,0,7,libero_spatial/5/0/7,rollout-openvla,,libero,relative,true,,92,92,0,91,true,1,1,true,pick up the black bowl on the ramekin and place it on the plate,pick_up_the_black_bowl_on_the_ramekin_and_place_it_on_the_plate.bddl,/outputs/videos/openvla/libero_spatial__5__0__7__success.mp4,failure-signatures-v1,not_applicable_success,,,,,
openvla,libero_spatial,5,pick_up_the_black_bowl_on_the_ramekin_and_place_it_on_the_plate,1,7,libero_spatial/5/1/7,rollout-openvla,,libero,relative,false,unlabeled,250,250,0,249,true,0,0,false,pick up the black bowl on the ramekin and place it on the plate,pick_up_the_black_bowl_on_the_ramekin_and_place_it_on_the_plate.bddl,/outputs/videos/openvla/libero_spatial__5__1__7__fail.mp4,failure-signatures-v1,repeated_close_candidate,5,0.243055555556,true,0.181782305241,0.673611111111
openvla,libero_spatial,5,pick_up_the_black_bowl_on_the_ramekin_and_place_it_on_the_plate,2,7,libero_spatial/5/2/7,rollout-openvla,,libero,relative,true,,81,81,0,80,true,1,1,true,pick up the black bowl on the ramekin and place it on the plate,pick_up_the_black_bowl_on_the_ramekin_and_place_it_on_the_plate.bddl,/outputs/videos/openvla/libero_spatial__5__2__7__success.mp4,failure-signatures-v1,not_applicable_success,,,,,
openvla,libero_spatial,5,pick_up_the_black_bowl_on_the_ramekin_and_place_it_on_the_plate,3,7,libero_spatial/5/3/7,rollout-openvla,,libero,relative,false,unlabeled,250,250,0,249,true,0,0,false,pick up the black bowl on the ramekin and place it on the plate,pick_up_the_black_bowl_on_the_ramekin_and_place_it_on_the_plate.bddl,/outputs/videos/openvla/libero_spatial__5__3__7__fail.mp4,failure-signatures-v1,repeated_close_candidate,12,0.355769230769,true,0.201854765415,0.538461538462
openvla,libero_spatial,5,pick_up_the_black_bowl_on_the_ramekin_and_place_it_on_the_plate,4,7,libero_spatial/5/4/7,rollout-openvla,,libero,relative,false,unlabeled,250,250,0,249,true,0,0,false,pick up the black bowl on the ramekin and place it on the plate,pick_up_the_black_bowl_on_the_ramekin_and_place_it_on_the_plate.bddl,/outputs/videos/openvla/libero_spatial__5__4__7__fail.mp4,failure-signatures-v1,repeated_close_candidate,9,0.594202898551,true,0.205248236656,0.31884057971
openvla,libero_spatial,5,pick_up_the_black_bowl_on_the_ramekin_and_place_it_on_the_plate,5,7,libero_spatial/5/5/7,rollout-openvla,,libero,relative,true,,84,84,0,83,true,1,1,true,pick up the black bowl on the ramekin and place it on the plate,pick_up_the_black_bowl_on_the_ramekin_and_place_it_on_the_plate.bddl,/outputs/videos/openvla/libero_spatial__5__5__7__success.mp4,failure-signatures-v1,not_applicable_success,,,,,
openvla,libero_spatial,5,pick_up_the_black_bowl_on_the_ramekin_and_place_it_on_the_plate,6,7,libero_spatial/5/6/7,rollout-openvla,,libero,relative,true,,102,102,0,101,true,1,1,true,pick up the black bowl on the ramekin and place it on the plate,pick_up_the_black_bowl_on_the_ramekin_and_place_it_on_the_plate.bddl,/outputs/videos/openvla/libero_spatial__5__6__7__success.mp4,failure-signatures-v1,not_applicable_success,,,,,
openvla,libero_spatial,5,pick_up_the_black_bowl_on_the_ramekin_and_place_it_on_the_plate,7,7,libero_spatial/5/7/7,rollout-openvla,,libero,relative,true,,97,97,0,96,true,1,1,true,pick up the black bowl on the ramekin and place it on the plate,pick_up_the_black_bowl_on_the_ramekin_and_place_it_on_the_plate.bddl,/outputs/videos/openvla/libero_spatial__5__7__7__success.mp4,failure-signatures-v1,not_applicable_success,,,,,
openvla,libero_spatial,5,pick_up_the_black_bowl_on_the_ramekin_and_place_it_on_the_plate,8,7,libero_spatial/5/8/7,rollout-openvla,,libero,relative,false,unlabeled,250,250,0,249,true,0,0,false,pick up the black bowl on the ramekin and place it on the plate,pick_up_the_black_bowl_on_the_ramekin_and_place_it_on_the_plate.bddl,/outputs/videos/openvla/libero_spatial__5__8__7__fail.mp4,failure-signatures-v1,repeated_close_candidate,10,0.277777777778,true,0.170958161354,0.416666666667
openvla,libero_spatial,5,pick_up_the_black_bowl_on_the_ramekin_and_place_it_on_the_plate,9,7,libero_spatial/5/9/7,rollout-openvla,,libero,relative,true,,79,79,0,78,true,1,1,true,pick up the black bowl on the ramekin and place it on the plate,pick_up_the_black_bowl_on_the_ramekin_and_place_it_on_the_plate.bddl,/outputs/videos/openvla/libero_spatial__5__9__7__success.mp4,failure-signatures-v1,not_applicable_success,,,,,
openvla,libero_spatial,6,pick_up_the_black_bowl_next_to_the_cookie_box_and_place_it_on_the_plate,0,7,libero_spatial/6/0/7,rollout-openvla,,libero,relative,true,,114,114,0,113,true,1,1,true,pick up the black bowl next to the cookie box and place it on the plate,pick_up_the_black_bowl_next_to_the_cookie_box_and_place_it_on_the_plate.bddl,/outputs/videos/openvla/libero_spatial__6__0__7__success.mp4,failure-signatures-v1,not_applicable_success,,,,,
openvla,libero_spatial,6,pick_up_the_black_bowl_next_to_the_cookie_box_and_place_it_on_the_plate,1,7,libero_spatial/6/1/7,rollout-openvla,,libero,relative,true,,112,112,0,111,true,1,1,true,pick up the black bowl next to the cookie box and place it on the plate,pick_up_the_black_bowl_next_to_the_cookie_box_and_place_it_on_the_plate.bddl,/outputs/videos/openvla/libero_spatial__6__1__7__success.mp4,failure-signatures-v1,not_applicable_success,,,,,
openvla,libero_spatial,6,pick_up_the_black_bowl_next_to_the_cookie_box_and_place_it_on_the_plate,2,7,libero_spatial/6/2/7,rollout-openvla,,libero,relative,true,,100,100,0,99,true,1,1,true,pick up the black bowl next to the cookie box and place it on the plate,pick_up_the_black_bowl_next_to_the_cookie_box_and_place_it_on_the_plate.bddl,/outputs/videos/openvla/libero_spatial__6__2__7__success.mp4,failure-signatures-v1,not_applicable_success,,,,,
openvla,libero_spatial,6,pick_up_the_black_bowl_next_to_the_cookie_box_and_place_it_on_the_plate,3,7,libero_spatial/6/3/7,rollout-openvla,,libero,relative,true,,109,109,0,108,true,1,1,true,pick up the black bowl next to the cookie box and place it on the plate,pick_up_the_black_bowl_next_to_the_cookie_box_and_place_it_on_the_plate.bddl,/outputs/videos/openvla/libero_spatial__6__3__7__success.mp4,failure-signatures-v1,not_applicable_success,,,,,
openvla,libero_spatial,6,pick_up_the_black_bowl_next_to_the_cookie_box_and_place_it_on_the_plate,4,7,libero_spatial/6/4/7,rollout-openvla,,libero,relative,true,,100,100,0,99,true,1,1,true,pick up the black bowl next to the cookie box and place it on the plate,pick_up_the_black_bowl_next_to_the_cookie_box_and_place_it_on_the_plate.bddl,/outputs/videos/openvla/libero_spatial__6__4__7__success.mp4,failure-signatures-v1,not_applicable_success,,,,,
openvla,libero_spatial,6,pick_up_the_black_bowl_next_to_the_cookie_box_and_place_it_on_the_plate,5,7,libero_spatial/6/5/7,rollout-openvla,,libero,relative,true,,116,116,0,115,true,1,1,true,pick up the black bowl next to the cookie box and place it on the plate,pick_up_the_black_bowl_next_to_the_cookie_box_and_place_it_on_the_plate.bddl,/outputs/videos/openvla/libero_spatial__6__5__7__success.mp4,failure-signatures-v1,not_applicable_success,,,,,
openvla,libero_spatial,6,pick_up_the_black_bowl_next_to_the_cookie_box_and_place_it_on_the_plate,6,7,libero_spatial/6/6/7,rollout-openvla,,libero,relative,true,,112,112,0,111,true,1,1,true,pick up the black bowl next to the cookie box and place it on the plate,pick_up_the_black_bowl_next_to_the_cookie_box_and_place_it_on_the_plate.bddl,/outputs/videos/openvla/libero_spatial__6__6__7__success.mp4,failure-signatures-v1,not_applicable_success,,,,,
openvla,libero_spatial,6,pick_up_the_black_bowl_next_to_the_cookie_box_and_place_it_on_the_plate,7,7,libero_spatial/6/7/7,rollout-openvla,,libero,relative,true,,104,104,0,103,true,1,1,true,pick up the black bowl next to the cookie box and place it on the plate,pick_up_the_black_bowl_next_to_the_cookie_box_and_place_it_on_the_plate.bddl,/outputs/videos/openvla/libero_spatial__6__7__7__success.mp4,failure-signatures-v1,not_applicable_success,,,,,
openvla,libero_spatial,6,pick_up_the_black_bowl_next_to_the_cookie_box_and_place_it_on_the_plate,8,7,libero_spatial/6/8/7,rollout-openvla,,libero,relative,true,,108,108,0,107,true,1,1,true,pick up the black bowl next to the cookie box and place it on the plate,pick_up_the_black_bowl_next_to_the_cookie_box_and_place_it_on_the_plate.bddl,/outputs/videos/openvla/libero_spatial__6__8__7__success.mp4,failure-signatures-v1,not_applicable_success,,,,,
openvla,libero_spatial,6,pick_up_the_black_bowl_next_to_the_cookie_box_and_place_it_on_the_plate,9,7,libero_spatial/6/9/7,rollout-openvla,,libero,relative,false,unlabeled,250,250,0,249,true,0,0,false,pick up the black bowl next to the cookie box and place it on the plate,pick_up_the_black_bowl_next_to_the_cookie_box_and_place_it_on_the_plate.bddl,/outputs/videos/openvla/libero_spatial__6__9__7__fail.mp4,failure-signatures-v1,repeated_close_candidate,12,0.151041666667,true,0.10066229105,0.651041666667
openvla,libero_spatial,7,pick_up_the_black_bowl_on_the_stove_and_place_it_on_the_plate,0,7,libero_spatial/7/0/7,rollout-openvla,,libero,relative,true,,114,114,0,113,true,1,1,true,pick up the black bowl on the stove and place it on the plate,pick_up_the_black_bowl_on_the_stove_and_place_it_on_the_plate.bddl,/outputs/videos/openvla/libero_spatial__7__0__7__success.mp4,failure-signatures-v1,not_applicable_success,,,,,
openvla,libero_spatial,7,pick_up_the_black_bowl_on_the_stove_and_place_it_on_the_plate,1,7,libero_spatial/7/1/7,rollout-openvla,,libero,relative,true,,111,111,0,110,true,1,1,true,pick up the black bowl on the stove and place it on the plate,pick_up_the_black_bowl_on_the_stove_and_place_it_on_the_plate.bddl,/outputs/videos/openvla/libero_spatial__7__1__7__success.mp4,failure-signatures-v1,not_applicable_success,,,,,
openvla,libero_spatial,7,pick_up_the_black_bowl_on_the_stove_and_place_it_on_the_plate,2,7,libero_spatial/7/2/7,rollout-openvla,,libero,relative,true,,133,133,0,132,true,1,1,true,pick up the black bowl on the stove and place it on the plate,pick_up_the_black_bowl_on_the_stove_and_place_it_on_the_plate.bddl,/outputs/videos/openvla/libero_spatial__7__2__7__success.mp4,failure-signatures-v1,not_applicable_success,,,,,
openvla,libero_spatial,7,pick_up_the_black_bowl_on_the_stove_and_place_it_on_the_plate,3,7,libero_spatial/7/3/7,rollout-openvla,,libero,relative,true,,122,122,0,121,true,1,1,true,pick up the black bowl on the stove and place it on the plate,pick_up_the_black_bowl_on_the_stove_and_place_it_on_the_plate.bddl,/outputs/videos/openvla/libero_spatial__7__3__7__success.mp4,failure-signatures-v1,not_applicable_success,,,,,
openvla,libero_spatial,7,pick_up_the_black_bowl_on_the_stove_and_place_it_on_the_plate,4,7,libero_spatial/7/4/7,rollout-openvla,,libero,relative,true,,121,121,0,120,true,1,1,true,pick up the black bowl on the stove and place it on the plate,pick_up_the_black_bowl_on_the_stove_and_place_it_on_the_plate.bddl,/outputs/videos/openvla/libero_spatial__7__4__7__success.mp4,failure-signatures-v1,not_applicable_success,,,,,
openvla,libero_spatial,7,pick_up_the_black_bowl_on_the_stove_and_place_it_on_the_plate,5,7,libero_spatial/7/5/7,rollout-openvla,,libero,relative,true,,121,121,0,120,true,1,1,true,pick up the black bowl on the stove and place it on the plate,pick_up_the_black_bowl_on_the_stove_and_place_it_on_the_plate.bddl,/outputs/videos/openvla/libero_spatial__7__5__7__success.mp4,failure-signatures-v1,not_applicable_success,,,,,
openvla,libero_spatial,7,pick_up_the_black_bowl_on_the_stove_and_place_it_on_the_plate,6,7,libero_spatial/7/6/7,rollout-openvla,,libero,relative,true,,108,108,0,107,true,1,1,true,pick up the black bowl on the stove and place it on the plate,pick_up_the_black_bowl_on_the_stove_and_place_it_on_the_plate.bddl,/outputs/videos/openvla/libero_spatial__7__6__7__success.mp4,failure-signatures-v1,not_applicable_success,,,,,
openvla,libero_spatial,7,pick_up_the_black_bowl_on_the_stove_and_place_it_on_the_plate,7,7,libero_spatial/7/7/7,rollout-openvla,,libero,relative,true,,125,125,0,124,true,1,1,true,pick up the black bowl on the stove and place it on the plate,pick_up_the_black_bowl_on_the_stove_and_place_it_on_the_plate.bddl,/outputs/videos/openvla/libero_spatial__7__7__7__success.mp4,failure-signatures-v1,not_applicable_success,,,,,
openvla,libero_spatial,7,pick_up_the_black_bowl_on_the_stove_and_place_it_on_the_plate,8,7,libero_spatial/7/8/7,rollout-openvla,,libero,relative,true,,123,123,0,122,true,1,1,true,pick up the black bowl on the stove and place it on the plate,pick_up_the_black_bowl_on_the_stove_and_place_it_on_the_plate.bddl,/outputs/videos/openvla/libero_spatial__7__8__7__success.mp4,failure-signatures-v1,not_applicable_success,,,,,
openvla,libero_spatial,7,pick_up_the_black_bowl_on_the_stove_and_place_it_on_the_plate,9,7,libero_spatial/7/9/7,rollout-openvla,,libero,relative,true,,96,96,0,95,true,1,1,true,pick up the black bowl on the stove and place it on the plate,pick_up_the_black_bowl_on_the_stove_and_place_it_on_the_plate.bddl,/outputs/videos/openvla/libero_spatial__7__9__7__success.mp4,failure-signatures-v1,not_applicable_success,,,,,
openvla,libero_spatial,8,pick_up_the_black_bowl_next_to_the_plate_and_place_it_on_the_plate,0,7,libero_spatial/8/0/7,rollout-openvla,,libero,relative,true,,127,127,0,126,true,1,1,true,pick up the black bowl next to the plate and place it on the plate,pick_up_the_black_bowl_next_to_the_plate_and_place_it_on_the_plate.bddl,/outputs/videos/openvla/libero_spatial__8__0__7__success.mp4,failure-signatures-v1,not_applicable_success,,,,,
openvla,libero_spatial,8,pick_up_the_black_bowl_next_to_the_plate_and_place_it_on_the_plate,1,7,libero_spatial/8/1/7,rollout-openvla,,libero,relative,true,,103,103,0,102,true,1,1,true,pick up the black bowl next to the plate and place it on the plate,pick_up_the_black_bowl_next_to_the_plate_and_place_it_on_the_plate.bddl,/outputs/videos/openvla/libero_spatial__8__1__7__success.mp4,failure-signatures-v1,not_applicable_success,,,,,
openvla,libero_spatial,8,pick_up_the_black_bowl_next_to_the_plate_and_place_it_on_the_plate,2,7,libero_spatial/8/2/7,rollout-openvla,,libero,relative,true,,116,116,0,115,true,1,1,true,pick up the black bowl next to the plate and place it on the plate,pick_up_the_black_bowl_next_to_the_plate_and_place_it_on_the_plate.bddl,/outputs/videos/openvla/libero_spatial__8__2__7__success.mp4,failure-signatures-v1,not_applicable_success,,,,,
openvla,libero_spatial,8,pick_up_the_black_bowl_next_to_the_plate_and_place_it_on_the_plate,3,7,libero_spatial/8/3/7,rollout-openvla,,libero,relative,false,unlabeled,250,250,0,249,true,0,0,false,pick up the black bowl next to the plate and place it on the plate,pick_up_the_black_bowl_next_to_the_plate_and_place_it_on_the_plate.bddl,/outputs/videos/openvla/libero_spatial__8__3__7__fail.mp4,failure-signatures-v1,repeated_close_candidate,5,1,true,0.147294104099,0
openvla,libero_spatial,8,pick_up_the_black_bowl_next_to_the_plate_and_place_it_on_the_plate,4,7,libero_spatial/8/4/7,rollout-openvla,,libero,relative,false,unlabeled,250,250,0,249,true,0,0,false,pick up the black bowl next to the plate and place it on the plate,pick_up_the_black_bowl_next_to_the_plate_and_place_it_on_the_plate.bddl,/outputs/videos/openvla/libero_spatial__8__4__7__fail.mp4,failure-signatures-v1,repeated_close_candidate,14,0.271186440678,true,0.0804107785225,0.661016949153
openvla,libero_spatial,8,pick_up_the_black_bowl_next_to_the_plate_and_place_it_on_the_plate,5,7,libero_spatial/8/5/7,rollout-openvla,,libero,relative,true,,106,106,0,105,true,1,1,true,pick up the black bowl next to the plate and place it on the plate,pick_up_the_black_bowl_next_to_the_plate_and_place_it_on_the_plate.bddl,/outputs/videos/openvla/libero_spatial__8__5__7__success.mp4,failure-signatures-v1,not_applicable_success,,,,,
openvla,libero_spatial,8,pick_up_the_black_bowl_next_to_the_plate_and_place_it_on_the_plate,6,7,libero_spatial/8/6/7,rollout-openvla,,libero,relative,true,,91,91,0,90,true,1,1,true,pick up the black bowl next to the plate and place it on the plate,pick_up_the_black_bowl_next_to_the_plate_and_place_it_on_the_plate.bddl,/outputs/videos/openvla/libero_spatial__8__6__7__success.mp4,failure-signatures-v1,not_applicable_success,,,,,
openvla,libero_spatial,8,pick_up_the_black_bowl_next_to_the_plate_and_place_it_on_the_plate,7,7,libero_spatial/8/7/7,rollout-openvla,,libero,relative,true,,102,102,0,101,true,1,1,true,pick up the black bowl next to the plate and place it on the plate,pick_up_the_black_bowl_next_to_the_plate_and_place_it_on_the_plate.bddl,/outputs/videos/openvla/libero_spatial__8__7__7__success.mp4,failure-signatures-v1,not_applicable_success,,,,,
openvla,libero_spatial,8,pick_up_the_black_bowl_next_to_the_plate_and_place_it_on_the_plate,8,7,libero_spatial/8/8/7,rollout-openvla,,libero,relative,false,unlabeled,250,250,0,249,true,0,0,false,pick up the black bowl next to the plate and place it on the plate,pick_up_the_black_bowl_next_to_the_plate_and_place_it_on_the_plate.bddl,/outputs/videos/openvla/libero_spatial__8__8__7__fail.mp4,failure-signatures-v1,repeated_close_candidate,2,1,true,0.123632013798,0
openvla,libero_spatial,8,pick_up_the_black_bowl_next_to_the_plate_and_place_it_on_the_plate,9,7,libero_spatial/8/9/7,rollout-openvla,,libero,relative,true,,91,91,0,90,true,1,1,true,pick up the black bowl next to the plate and place it on the plate,pick_up_the_black_bowl_next_to_the_plate_and_place_it_on_the_plate.bddl,/outputs/videos/openvla/libero_spatial__8__9__7__success.mp4,failure-signatures-v1,not_applicable_success,,,,,
openvla,libero_spatial,9,pick_up_the_black_bowl_on_the_wooden_cabinet_and_place_it_on_the_plate,0,7,libero_spatial/9/0/7,rollout-openvla,,libero,relative,true,,115,115,0,114,true,1,1,true,pick up the black bowl on the wooden cabinet and place it on the plate,pick_up_the_black_bowl_on_the_wooden_cabinet_and_place_it_on_the_plate.bddl,/outputs/videos/openvla/libero_spatial__9__0__7__success.mp4,failure-signatures-v1,not_applicable_success,,,,,
openvla,libero_spatial,9,pick_up_the_black_bowl_on_the_wooden_cabinet_and_place_it_on_the_plate,1,7,libero_spatial/9/1/7,rollout-openvla,,libero,relative,false,unlabeled,250,250,0,249,true,0,0,false,pick up the black bowl on the wooden cabinet and place it on the plate,pick_up_the_black_bowl_on_the_wooden_cabinet_and_place_it_on_the_plate.bddl,/outputs/videos/openvla/libero_spatial__9__1__7__fail.mp4,failure-signatures-v1,repeated_close_candidate,8,0.902173913043,true,0.291890978813,0.0217391304348
openvla,libero_spatial,9,pick_up_the_black_bowl_on_the_wooden_cabinet_and_place_it_on_the_plate,2,7,libero_spatial/9/2/7,rollout-openvla,,libero,relative,true,,113,113,0,112,true,1,1,true,pick up the black bowl on the wooden cabinet and place it on the plate,pick_up_the_black_bowl_on_the_wooden_cabinet_and_place_it_on_the_plate.bddl,/outputs/videos/openvla/libero_spatial__9__2__7__success.mp4,failure-signatures-v1,not_applicable_success,,,,,
openvla,libero_spatial,9,pick_up_the_black_bowl_on_the_wooden_cabinet_and_place_it_on_the_plate,3,7,libero_spatial/9/3/7,rollout-openvla,,libero,relative,true,,127,127,0,126,true,1,1,true,pick up the black bowl on the wooden cabinet and place it on the plate,pick_up_the_black_bowl_on_the_wooden_cabinet_and_place_it_on_the_plate.bddl,/outputs/videos/openvla/libero_spatial__9__3__7__success.mp4,failure-signatures-v1,not_applicable_success,,,,,
openvla,libero_spatial,9,pick_up_the_black_bowl_on_the_wooden_cabinet_and_place_it_on_the_plate,4,7,libero_spatial/9/4/7,rollout-openvla,,libero,relative,true,,119,119,0,118,true,1,1,true,pick up the black bowl on the wooden cabinet and place it on the plate,pick_up_the_black_bowl_on_the_wooden_cabinet_and_place_it_on_the_plate.bddl,/outputs/videos/openvla/libero_spatial__9__4__7__success.mp4,failure-signatures-v1,not_applicable_success,,,,,
openvla,libero_spatial,9,pick_up_the_black_bowl_on_the_wooden_cabinet_and_place_it_on_the_plate,5,7,libero_spatial/9/5/7,rollout-openvla,,libero,relative,true,,119,119,0,118,true,1,1,true,pick up the black bowl on the wooden cabinet and place it on the plate,pick_up_the_black_bowl_on_the_wooden_cabinet_and_place_it_on_the_plate.bddl,/outputs/videos/openvla/libero_spatial__9__5__7__success.mp4,failure-signatures-v1,not_applicable_success,,,,,
openvla,libero_spatial,9,pick_up_the_black_bowl_on_the_wooden_cabinet_and_place_it_on_the_plate,6,7,libero_spatial/9/6/7,rollout-openvla,,libero,relative,true,,130,130,0,129,true,1,1,true,pick up the black bowl on the wooden cabinet and place it on the plate,pick_up_the_black_bowl_on_the_wooden_cabinet_and_place_it_on_the_plate.bddl,/outputs/videos/openvla/libero_spatial__9__6__7__success.mp4,failure-signatures-v1,not_applicable_success,,,,,
openvla,libero_spatial,9,pick_up_the_black_bowl_on_the_wooden_cabinet_and_place_it_on_the_plate,7,7,libero_spatial/9/7/7,rollout-openvla,,libero,relative,true,,121,121,0,120,true,1,1,true,pick up the black bowl on the wooden cabinet and place it on the plate,pick_up_the_black_bowl_on_the_wooden_cabinet_and_place_it_on_the_plate.bddl,/outputs/videos/openvla/libero_spatial__9__7__7__success.mp4,failure-signatures-v1,not_applicable_success,,,,,
openvla,libero_spatial,9,pick_up_the_black_bowl_on_the_wooden_cabinet_and_place_it_on_the_plate,8,7,libero_spatial/9/8/7,rollout-openvla,,libero,relative,true,,128,128,0,127,true,1,1,true,pick up the black bowl on the wooden cabinet and place it on the plate,pick_up_the_black_bowl_on_the_wooden_cabinet_and_place_it_on_the_plate.bddl,/outputs/videos/openvla/libero_spatial__9__8__7__success.mp4,failure-signatures-v1,not_applicable_success,,,,,
openvla,libero_spatial,9,pick_up_the_black_bowl_on_the_wooden_cabinet_and_place_it_on_the_plate,9,7,libero_spatial/9/9/7,rollout-openvla,,libero,relative,true,,131,131,0,130,true,1,1,true,pick up the black bowl on the wooden cabinet and place it on the plate,pick_up_the_black_bowl_on_the_wooden_cabinet_and_place_it_on_the_plate.bddl,/outputs/videos/openvla/libero_spatial__9__9__7__success.mp4,failure-signatures-v1,not_applicable_success,,,,,
vla_jepa,libero_spatial,0,pick_up_the_black_bowl_between_the_plate_and_the_ramekin_and_place_it_on_the_plate,0,7,libero_spatial/0/0/7,rollout-vla_jepa,lerobot/VLA-JEPA-LIBERO,libero,relative,true,,72,72,0,71,true,1,1,true,pick up the black bowl between the plate and the ramekin and place it on the plate,pick_up_the_black_bowl_between_the_plate_and_the_ramekin_and_place_it_on_the_plate.bddl,/outputs/videos/vla_jepa/libero_spatial__0__0__7__success.mp4,failure-signatures-v1,not_applicable_success,,,,,
vla_jepa,libero_spatial,0,pick_up_the_black_bowl_between_the_plate_and_the_ramekin_and_place_it_on_the_plate,1,7,libero_spatial/0/1/7,rollout-vla_jepa,lerobot/VLA-JEPA-LIBERO,libero,relative,true,,77,77,0,76,true,1,1,true,pick up the black bowl between the plate and the ramekin and place it on the plate,pick_up_the_black_bowl_between_the_plate_and_the_ramekin_and_place_it_on_the_plate.bddl,/outputs/videos/vla_jepa/libero_spatial__0__1__7__success.mp4,failure-signatures-v1,not_applicable_success,,,,,
vla_jepa,libero_spatial,0,pick_up_the_black_bowl_between_the_plate_and_the_ramekin_and_place_it_on_the_plate,2,7,libero_spatial/0/2/7,rollout-vla_jepa,lerobot/VLA-JEPA-LIBERO,libero,relative,true,,79,79,0,78,true,1,1,true,pick up the black bowl between the plate and the ramekin and place it on the plate,pick_up_the_black_bowl_between_the_plate_and_the_ramekin_and_place_it_on_the_plate.bddl,/outputs/videos/vla_jepa/libero_spatial__0__2__7__success.mp4,failure-signatures-v1,not_applicable_success,,,,,
vla_jepa,libero_spatial,0,pick_up_the_black_bowl_between_the_plate_and_the_ramekin_and_place_it_on_the_plate,3,7,libero_spatial/0/3/7,rollout-vla_jepa,lerobot/VLA-JEPA-LIBERO,libero,relative,true,,74,74,0,73,true,1,1,true,pick up the black bowl between the plate and the ramekin and place it on the plate,pick_up_the_black_bowl_between_the_plate_and_the_ramekin_and_place_it_on_the_plate.bddl,/outputs/videos/vla_jepa/libero_spatial__0__3__7__success.mp4,failure-signatures-v1,not_applicable_success,,,,,
vla_jepa,libero_spatial,0,pick_up_the_black_bowl_between_the_plate_and_the_ramekin_and_place_it_on_the_plate,4,7,libero_spatial/0/4/7,rollout-vla_jepa,lerobot/VLA-JEPA-LIBERO,libero,relative,true,,74,74,0,73,true,1,1,true,pick up the black bowl between the plate and the ramekin and place it on the plate,pick_up_the_black_bowl_between_the_plate_and_the_ramekin_and_place_it_on_the_plate.bddl,/outputs/videos/vla_jepa/libero_spatial__0__4__7__success.mp4,failure-signatures-v1,not_applicable_success,,,,,
vla_jepa,libero_spatial,0,pick_up_the_black_bowl_between_the_plate_and_the_ramekin_and_place_it_on_the_plate,5,7,libero_spatial/0/5/7,rollout-vla_jepa,lerobot/VLA-JEPA-LIBERO,libero,relative,true,,73,73,0,72,true,1,1,true,pick up the black bowl between the plate and the ramekin and place it on the plate,pick_up_the_black_bowl_between_the_plate_and_the_ramekin_and_place_it_on_the_plate.bddl,/outputs/videos/vla_jepa/libero_spatial__0__5__7__success.mp4,failure-signatures-v1,not_applicable_success,,,,,
vla_jepa,libero_spatial,0,pick_up_the_black_bowl_between_the_plate_and_the_ramekin_and_place_it_on_the_plate,6,7,libero_spatial/0/6/7,rollout-vla_jepa,lerobot/VLA-JEPA-LIBERO,libero,relative,true,,75,75,0,74,true,1,1,true,pick up the black bowl between the plate and the ramekin and place it on the plate,pick_up_the_black_bowl_between_the_plate_and_the_ramekin_and_place_it_on_the_plate.bddl,/outputs/videos/vla_jepa/libero_spatial__0__6__7__success.mp4,failure-signatures-v1,not_applicable_success,,,,,
vla_jepa,libero_spatial,0,pick_up_the_black_bowl_between_the_plate_and_the_ramekin_and_place_it_on_the_plate,7,7,libero_spatial/0/7/7,rollout-vla_jepa,lerobot/VLA-JEPA-LIBERO,libero,relative,true,,77,77,0,76,true,1,1,true,pick up the black bowl between the plate and the ramekin and place it on the plate,pick_up_the_black_bowl_between_the_plate_and_the_ramekin_and_place_it_on_the_plate.bddl,/outputs/videos/vla_jepa/libero_spatial__0__7__7__success.mp4,failure-signatures-v1,not_applicable_success,,,,,
vla_jepa,libero_spatial,0,pick_up_the_black_bowl_between_the_plate_and_the_ramekin_and_place_it_on_the_plate,8,7,libero_spatial/0/8/7,rollout-vla_jepa,lerobot/VLA-JEPA-LIBERO,libero,relative,true,,77,77,0,76,true,1,1,true,pick up the black bowl between the plate and the ramekin and place it on the plate,pick_up_the_black_bowl_between_the_plate_and_the_ramekin_and_place_it_on_the_plate.bddl,/outputs/videos/vla_jepa/libero_spatial__0__8__7__success.mp4,failure-signatures-v1,not_applicable_success,,,,,
vla_jepa,libero_spatial,0,pick_up_the_black_bowl_between_the_plate_and_the_ramekin_and_place_it_on_the_plate,9,7,libero_spatial/0/9/7,rollout-vla_jepa,lerobot/VLA-JEPA-LIBERO,libero,relative,true,,75,75,0,74,true,1,1,true,pick up the black bowl between the plate and the ramekin and place it on the plate,pick_up_the_black_bowl_between_the_plate_and_the_ramekin_and_place_it_on_the_plate.bddl,/outputs/videos/vla_jepa/libero_spatial__0__9__7__success.mp4,failure-signatures-v1,not_applicable_success,,,,,
vla_jepa,libero_spatial,1,pick_up_the_black_bowl_next_to_the_ramekin_and_place_it_on_the_plate,0,7,libero_spatial/1/0/7,rollout-vla_jepa,lerobot/VLA-JEPA-LIBERO,libero,relative,true,,104,104,0,103,true,1,1,true,pick up the black bowl next to the ramekin and place it on the plate,pick_up_the_black_bowl_next_to_the_ramekin_and_place_it_on_the_plate.bddl,/outputs/videos/vla_jepa/libero_spatial__1__0__7__success.mp4,failure-signatures-v1,not_applicable_success,,,,,
vla_jepa,libero_spatial,1,pick_up_the_black_bowl_next_to_the_ramekin_and_place_it_on_the_plate,1,7,libero_spatial/1/1/7,rollout-vla_jepa,lerobot/VLA-JEPA-LIBERO,libero,relative,true,,96,96,0,95,true,1,1,true,pick up the black bowl next to the ramekin and place it on the plate,pick_up_the_black_bowl_next_to_the_ramekin_and_place_it_on_the_plate.bddl,/outputs/videos/vla_jepa/libero_spatial__1__1__7__success.mp4,failure-signatures-v1,not_applicable_success,,,,,
vla_jepa,libero_spatial,1,pick_up_the_black_bowl_next_to_the_ramekin_and_place_it_on_the_plate,2,7,libero_spatial/1/2/7,rollout-vla_jepa,lerobot/VLA-JEPA-LIBERO,libero,relative,true,,108,108,0,107,true,1,1,true,pick up the black bowl next to the ramekin and place it on the plate,pick_up_the_black_bowl_next_to_the_ramekin_and_place_it_on_the_plate.bddl,/outputs/videos/vla_jepa/libero_spatial__1__2__7__success.mp4,failure-signatures-v1,not_applicable_success,,,,,
vla_jepa,libero_spatial,1,pick_up_the_black_bowl_next_to_the_ramekin_and_place_it_on_the_plate,3,7,libero_spatial/1/3/7,rollout-vla_jepa,lerobot/VLA-JEPA-LIBERO,libero,relative,true,,105,105,0,104,true,1,1,true,pick up the black bowl next to the ramekin and place it on the plate,pick_up_the_black_bowl_next_to_the_ramekin_and_place_it_on_the_plate.bddl,/outputs/videos/vla_jepa/libero_spatial__1__3__7__success.mp4,failure-signatures-v1,not_applicable_success,,,,,
vla_jepa,libero_spatial,1,pick_up_the_black_bowl_next_to_the_ramekin_and_place_it_on_the_plate,4,7,libero_spatial/1/4/7,rollout-vla_jepa,lerobot/VLA-JEPA-LIBERO,libero,relative,true,,108,108,0,107,true,1,1,true,pick up the black bowl next to the ramekin and place it on the plate,pick_up_the_black_bowl_next_to_the_ramekin_and_place_it_on_the_plate.bddl,/outputs/videos/vla_jepa/libero_spatial__1__4__7__success.mp4,failure-signatures-v1,not_applicable_success,,,,,
vla_jepa,libero_spatial,1,pick_up_the_black_bowl_next_to_the_ramekin_and_place_it_on_the_plate,5,7,libero_spatial/1/5/7,rollout-vla_jepa,lerobot/VLA-JEPA-LIBERO,libero,relative,true,,104,104,0,103,true,1,1,true,pick up the black bowl next to the ramekin and place it on the plate,pick_up_the_black_bowl_next_to_the_ramekin_and_place_it_on_the_plate.bddl,/outputs/videos/vla_jepa/libero_spatial__1__5__7__success.mp4,failure-signatures-v1,not_applicable_success,,,,,
vla_jepa,libero_spatial,1,pick_up_the_black_bowl_next_to_the_ramekin_and_place_it_on_the_plate,6,7,libero_spatial/1/6/7,rollout-vla_jepa,lerobot/VLA-JEPA-LIBERO,libero,relative,true,,100,100,0,99,true,1,1,true,pick up the black bowl next to the ramekin and place it on the plate,pick_up_the_black_bowl_next_to_the_ramekin_and_place_it_on_the_plate.bddl,/outputs/videos/vla_jepa/libero_spatial__1__6__7__success.mp4,failure-signatures-v1,not_applicable_success,,,,,
vla_jepa,libero_spatial,1,pick_up_the_black_bowl_next_to_the_ramekin_and_place_it_on_the_plate,7,7,libero_spatial/1/7/7,rollout-vla_jepa,lerobot/VLA-JEPA-LIBERO,libero,relative,true,,144,144,0,143,true,1,1,true,pick up the black bowl next to the ramekin and place it on the plate,pick_up_the_black_bowl_next_to_the_ramekin_and_place_it_on_the_plate.bddl,/outputs/videos/vla_jepa/libero_spatial__1__7__7__success.mp4,failure-signatures-v1,not_applicable_success,,,,,
vla_jepa,libero_spatial,1,pick_up_the_black_bowl_next_to_the_ramekin_and_place_it_on_the_plate,8,7,libero_spatial/1/8/7,rollout-vla_jepa,lerobot/VLA-JEPA-LIBERO,libero,relative,true,,103,103,0,102,true,1,1,true,pick up the black bowl next to the ramekin and place it on the plate,pick_up_the_black_bowl_next_to_the_ramekin_and_place_it_on_the_plate.bddl,/outputs/videos/vla_jepa/libero_spatial__1__8__7__success.mp4,failure-signatures-v1,not_applicable_success,,,,,
vla_jepa,libero_spatial,1,pick_up_the_black_bowl_next_to_the_ramekin_and_place_it_on_the_plate,9,7,libero_spatial/1/9/7,rollout-vla_jepa,lerobot/VLA-JEPA-LIBERO,libero,relative,true,,105,105,0,104,true,1,1,true,pick up the black bowl next to the ramekin and place it on the plate,pick_up_the_black_bowl_next_to_the_ramekin_and_place_it_on_the_plate.bddl,/outputs/videos/vla_jepa/libero_spatial__1__9__7__success.mp4,failure-signatures-v1,not_applicable_success,,,,,
vla_jepa,libero_spatial,2,pick_up_the_black_bowl_from_table_center_and_place_it_on_the_plate,0,7,libero_spatial/2/0/7,rollout-vla_jepa,lerobot/VLA-JEPA-LIBERO,libero,relative,true,,93,93,0,92,true,1,1,true,pick up the black bowl from table center and place it on the plate,pick_up_the_black_bowl_from_table_center_and_place_it_on_the_plate.bddl,/outputs/videos/vla_jepa/libero_spatial__2__0__7__success.mp4,failure-signatures-v1,not_applicable_success,,,,,
vla_jepa,libero_spatial,2,pick_up_the_black_bowl_from_table_center_and_place_it_on_the_plate,1,7,libero_spatial/2/1/7,rollout-vla_jepa,lerobot/VLA-JEPA-LIBERO,libero,relative,true,,90,90,0,89,true,1,1,true,pick up the black bowl from table center and place it on the plate,pick_up_the_black_bowl_from_table_center_and_place_it_on_the_plate.bddl,/outputs/videos/vla_jepa/libero_spatial__2__1__7__success.mp4,failure-signatures-v1,not_applicable_success,,,,,
vla_jepa,libero_spatial,2,pick_up_the_black_bowl_from_table_center_and_place_it_on_the_plate,2,7,libero_spatial/2/2/7,rollout-vla_jepa,lerobot/VLA-JEPA-LIBERO,libero,relative,true,,91,91,0,90,true,1,1,true,pick up the black bowl from table center and place it on the plate,pick_up_the_black_bowl_from_table_center_and_place_it_on_the_plate.bddl,/outputs/videos/vla_jepa/libero_spatial__2__2__7__success.mp4,failure-signatures-v1,not_applicable_success,,,,,
vla_jepa,libero_spatial,2,pick_up_the_black_bowl_from_table_center_and_place_it_on_the_plate,3,7,libero_spatial/2/3/7,rollout-vla_jepa,lerobot/VLA-JEPA-LIBERO,libero,relative,true,,93,93,0,92,true,1,1,true,pick up the black bowl from table center and place it on the plate,pick_up_the_black_bowl_from_table_center_and_place_it_on_the_plate.bddl,/outputs/videos/vla_jepa/libero_spatial__2__3__7__success.mp4,failure-signatures-v1,not_applicable_success,,,,,
vla_jepa,libero_spatial,2,pick_up_the_black_bowl_from_table_center_and_place_it_on_the_plate,4,7,libero_spatial/2/4/7,rollout-vla_jepa,lerobot/VLA-JEPA-LIBERO,libero,relative,true,,99,99,0,98,true,1,1,true,pick up the black bowl from table center and place it on the plate,pick_up_the_black_bowl_from_table_center_and_place_it_on_the_plate.bddl,/outputs/videos/vla_jepa/libero_spatial__2__4__7__success.mp4,failure-signatures-v1,not_applicable_success,,,,,
vla_jepa,libero_spatial,2,pick_up_the_black_bowl_from_table_center_and_place_it_on_the_plate,5,7,libero_spatial/2/5/7,rollout-vla_jepa,lerobot/VLA-JEPA-LIBERO,libero,relative,true,,96,96,0,95,true,1,1,true,pick up the black bowl from table center and place it on the plate,pick_up_the_black_bowl_from_table_center_and_place_it_on_the_plate.bddl,/outputs/videos/vla_jepa/libero_spatial__2__5__7__success.mp4,failure-signatures-v1,not_applicable_success,,,,,
vla_jepa,libero_spatial,2,pick_up_the_black_bowl_from_table_center_and_place_it_on_the_plate,6,7,libero_spatial/2/6/7,rollout-vla_jepa,lerobot/VLA-JEPA-LIBERO,libero,relative,true,,90,90,0,89,true,1,1,true,pick up the black bowl from table center and place it on the plate,pick_up_the_black_bowl_from_table_center_and_place_it_on_the_plate.bddl,/outputs/videos/vla_jepa/libero_spatial__2__6__7__success.mp4,failure-signatures-v1,not_applicable_success,,,,,
vla_jepa,libero_spatial,2,pick_up_the_black_bowl_from_table_center_and_place_it_on_the_plate,7,7,libero_spatial/2/7/7,rollout-vla_jepa,lerobot/VLA-JEPA-LIBERO,libero,relative,true,,101,101,0,100,true,1,1,true,pick up the black bowl from table center and place it on the plate,pick_up_the_black_bowl_from_table_center_and_place_it_on_the_plate.bddl,/outputs/videos/vla_jepa/libero_spatial__2__7__7__success.mp4,failure-signatures-v1,not_applicable_success,,,,,
vla_jepa,libero_spatial,2,pick_up_the_black_bowl_from_table_center_and_place_it_on_the_plate,8,7,libero_spatial/2/8/7,rollout-vla_jepa,lerobot/VLA-JEPA-LIBERO,libero,relative,true,,93,93,0,92,true,1,1,true,pick up the black bowl from table center and place it on the plate,pick_up_the_black_bowl_from_table_center_and_place_it_on_the_plate.bddl,/outputs/videos/vla_jepa/libero_spatial__2__8__7__success.mp4,failure-signatures-v1,not_applicable_success,,,,,
vla_jepa,libero_spatial,2,pick_up_the_black_bowl_from_table_center_and_place_it_on_the_plate,9,7,libero_spatial/2/9/7,rollout-vla_jepa,lerobot/VLA-JEPA-LIBERO,libero,relative,true,,96,96,0,95,true,1,1,true,pick up the black bowl from table center and place it on the plate,pick_up_the_black_bowl_from_table_center_and_place_it_on_the_plate.bddl,/outputs/videos/vla_jepa/libero_spatial__2__9__7__success.mp4,failure-signatures-v1,not_applicable_success,,,,,
vla_jepa,libero_spatial,3,pick_up_the_black_bowl_on_the_cookie_box_and_place_it_on_the_plate,0,7,libero_spatial/3/0/7,rollout-vla_jepa,lerobot/VLA-JEPA-LIBERO,libero,relative,true,,82,82,0,81,true,1,1,true,pick up the black bowl on the cookie box and place it on the plate,pick_up_the_black_bowl_on_the_cookie_box_and_place_it_on_the_plate.bddl,/outputs/videos/vla_jepa/libero_spatial__3__0__7__success.mp4,failure-signatures-v1,not_applicable_success,,,,,
vla_jepa,libero_spatial,3,pick_up_the_black_bowl_on_the_cookie_box_and_place_it_on_the_plate,1,7,libero_spatial/3/1/7,rollout-vla_jepa,lerobot/VLA-JEPA-LIBERO,libero,relative,true,,86,86,0,85,true,1,1,true,pick up the black bowl on the cookie box and place it on the plate,pick_up_the_black_bowl_on_the_cookie_box_and_place_it_on_the_plate.bddl,/outputs/videos/vla_jepa/libero_spatial__3__1__7__success.mp4,failure-signatures-v1,not_applicable_success,,,,,
vla_jepa,libero_spatial,3,pick_up_the_black_bowl_on_the_cookie_box_and_place_it_on_the_plate,2,7,libero_spatial/3/2/7,rollout-vla_jepa,lerobot/VLA-JEPA-LIBERO,libero,relative,true,,81,81,0,80,true,1,1,true,pick up the black bowl on the cookie box and place it on the plate,pick_up_the_black_bowl_on_the_cookie_box_and_place_it_on_the_plate.bddl,/outputs/videos/vla_jepa/libero_spatial__3__2__7__success.mp4,failure-signatures-v1,not_applicable_success,,,,,
vla_jepa,libero_spatial,3,pick_up_the_black_bowl_on_the_cookie_box_and_place_it_on_the_plate,3,7,libero_spatial/3/3/7,rollout-vla_jepa,lerobot/VLA-JEPA-LIBERO,libero,relative,true,,82,82,0,81,true,1,1,true,pick up the black bowl on the cookie box and place it on the plate,pick_up_the_black_bowl_on_the_cookie_box_and_place_it_on_the_plate.bddl,/outputs/videos/vla_jepa/libero_spatial__3__3__7__success.mp4,failure-signatures-v1,not_applicable_success,,,,,
vla_jepa,libero_spatial,3,pick_up_the_black_bowl_on_the_cookie_box_and_place_it_on_the_plate,4,7,libero_spatial/3/4/7,rollout-vla_jepa,lerobot/VLA-JEPA-LIBERO,libero,relative,true,,84,84,0,83,true,1,1,true,pick up the black bowl on the cookie box and place it on the plate,pick_up_the_black_bowl_on_the_cookie_box_and_place_it_on_the_plate.bddl,/outputs/videos/vla_jepa/libero_spatial__3__4__7__success.mp4,failure-signatures-v1,not_applicable_success,,,,,
vla_jepa,libero_spatial,3,pick_up_the_black_bowl_on_the_cookie_box_and_place_it_on_the_plate,5,7,libero_spatial/3/5/7,rollout-vla_jepa,lerobot/VLA-JEPA-LIBERO,libero,relative,true,,85,85,0,84,true,1,1,true,pick up the black bowl on the cookie box and place it on the plate,pick_up_the_black_bowl_on_the_cookie_box_and_place_it_on_the_plate.bddl,/outputs/videos/vla_jepa/libero_spatial__3__5__7__success.mp4,failure-signatures-v1,not_applicable_success,,,,,
vla_jepa,libero_spatial,3,pick_up_the_black_bowl_on_the_cookie_box_and_place_it_on_the_plate,6,7,libero_spatial/3/6/7,rollout-vla_jepa,lerobot/VLA-JEPA-LIBERO,libero,relative,true,,82,82,0,81,true,1,1,true,pick up the black bowl on the cookie box and place it on the plate,pick_up_the_black_bowl_on_the_cookie_box_and_place_it_on_the_plate.bddl,/outputs/videos/vla_jepa/libero_spatial__3__6__7__success.mp4,failure-signatures-v1,not_applicable_success,,,,,
vla_jepa,libero_spatial,3,pick_up_the_black_bowl_on_the_cookie_box_and_place_it_on_the_plate,7,7,libero_spatial/3/7/7,rollout-vla_jepa,lerobot/VLA-JEPA-LIBERO,libero,relative,true,,82,82,0,81,true,1,1,true,pick up the black bowl on the cookie box and place it on the plate,pick_up_the_black_bowl_on_the_cookie_box_and_place_it_on_the_plate.bddl,/outputs/videos/vla_jepa/libero_spatial__3__7__7__success.mp4,failure-signatures-v1,not_applicable_success,,,,,
vla_jepa,libero_spatial,3,pick_up_the_black_bowl_on_the_cookie_box_and_place_it_on_the_plate,8,7,libero_spatial/3/8/7,rollout-vla_jepa,lerobot/VLA-JEPA-LIBERO,libero,relative,true,,82,82,0,81,true,1,1,true,pick up the black bowl on the cookie box and place it on the plate,pick_up_the_black_bowl_on_the_cookie_box_and_place_it_on_the_plate.bddl,/outputs/videos/vla_jepa/libero_spatial__3__8__7__success.mp4,failure-signatures-v1,not_applicable_success,,,,,
vla_jepa,libero_spatial,3,pick_up_the_black_bowl_on_the_cookie_box_and_place_it_on_the_plate,9,7,libero_spatial/3/9/7,rollout-vla_jepa,lerobot/VLA-JEPA-LIBERO,libero,relative,true,,86,86,0,85,true,1,1,true,pick up the black bowl on the cookie box and place it on the plate,pick_up_the_black_bowl_on_the_cookie_box_and_place_it_on_the_plate.bddl,/outputs/videos/vla_jepa/libero_spatial__3__9__7__success.mp4,failure-signatures-v1,not_applicable_success,,,,,
vla_jepa,libero_spatial,4,pick_up_the_black_bowl_in_the_top_drawer_of_the_wooden_cabinet_and_place_it_on_the_plate,0,7,libero_spatial/4/0/7,rollout-vla_jepa,lerobot/VLA-JEPA-LIBERO,libero,relative,true,,127,127,0,126,true,1,1,true,pick up the black bowl in the top drawer of the wooden cabinet and place it on the plate,pick_up_the_black_bowl_in_the_top_drawer_of_the_wooden_cabinet_and_place_it_on_the_plate.bddl,/outputs/videos/vla_jepa/libero_spatial__4__0__7__success.mp4,failure-signatures-v1,not_applicable_success,,,,,
vla_jepa,libero_spatial,4,pick_up_the_black_bowl_in_the_top_drawer_of_the_wooden_cabinet_and_place_it_on_the_plate,1,7,libero_spatial/4/1/7,rollout-vla_jepa,lerobot/VLA-JEPA-LIBERO,libero,relative,true,,131,131,0,130,true,1,1,true,pick up the black bowl in the top drawer of the wooden cabinet and place it on the plate,pick_up_the_black_bowl_in_the_top_drawer_of_the_wooden_cabinet_and_place_it_on_the_plate.bddl,/outputs/videos/vla_jepa/libero_spatial__4__1__7__success.mp4,failure-signatures-v1,not_applicable_success,,,,,
vla_jepa,libero_spatial,4,pick_up_the_black_bowl_in_the_top_drawer_of_the_wooden_cabinet_and_place_it_on_the_plate,2,7,libero_spatial/4/2/7,rollout-vla_jepa,lerobot/VLA-JEPA-LIBERO,libero,relative,true,,127,127,0,126,true,1,1,true,pick up the black bowl in the top drawer of the wooden cabinet and place it on the plate,pick_up_the_black_bowl_in_the_top_drawer_of_the_wooden_cabinet_and_place_it_on_the_plate.bddl,/outputs/videos/vla_jepa/libero_spatial__4__2__7__success.mp4,failure-signatures-v1,not_applicable_success,,,,,
vla_jepa,libero_spatial,4,pick_up_the_black_bowl_in_the_top_drawer_of_the_wooden_cabinet_and_place_it_on_the_plate,3,7,libero_spatial/4/3/7,rollout-vla_jepa,lerobot/VLA-JEPA-LIBERO,libero,relative,true,,131,131,0,130,true,1,1,true,pick up the black bowl in the top drawer of the wooden cabinet and place it on the plate,pick_up_the_black_bowl_in_the_top_drawer_of_the_wooden_cabinet_and_place_it_on_the_plate.bddl,/outputs/videos/vla_jepa/libero_spatial__4__3__7__success.mp4,failure-signatures-v1,not_applicable_success,,,,,
vla_jepa,libero_spatial,4,pick_up_the_black_bowl_in_the_top_drawer_of_the_wooden_cabinet_and_place_it_on_the_plate,4,7,libero_spatial/4/4/7,rollout-vla_jepa,lerobot/VLA-JEPA-LIBERO,libero,relative,true,,133,133,0,132,true,1,1,true,pick up the black bowl in the top drawer of the wooden cabinet and place it on the plate,pick_up_the_black_bowl_in_the_top_drawer_of_the_wooden_cabinet_and_place_it_on_the_plate.bddl,/outputs/videos/vla_jepa/libero_spatial__4__4__7__success.mp4,failure-signatures-v1,not_applicable_success,,,,,
vla_jepa,libero_spatial,4,pick_up_the_black_bowl_in_the_top_drawer_of_the_wooden_cabinet_and_place_it_on_the_plate,5,7,libero_spatial/4/5/7,rollout-vla_jepa,lerobot/VLA-JEPA-LIBERO,libero,relative,true,,132,132,0,131,true,1,1,true,pick up the black bowl in the top drawer of the wooden cabinet and place it on the plate,pick_up_the_black_bowl_in_the_top_drawer_of_the_wooden_cabinet_and_place_it_on_the_plate.bddl,/outputs/videos/vla_jepa/libero_spatial__4__5__7__success.mp4,failure-signatures-v1,not_applicable_success,,,,,
vla_jepa,libero_spatial,4,pick_up_the_black_bowl_in_the_top_drawer_of_the_wooden_cabinet_and_place_it_on_the_plate,6,7,libero_spatial/4/6/7,rollout-vla_jepa,lerobot/VLA-JEPA-LIBERO,libero,relative,true,,134,134,0,133,true,1,1,true,pick up the black bowl in the top drawer of the wooden cabinet and place it on the plate,pick_up_the_black_bowl_in_the_top_drawer_of_the_wooden_cabinet_and_place_it_on_the_plate.bddl,/outputs/videos/vla_jepa/libero_spatial__4__6__7__success.mp4,failure-signatures-v1,not_applicable_success,,,,,
vla_jepa,libero_spatial,4,pick_up_the_black_bowl_in_the_top_drawer_of_the_wooden_cabinet_and_place_it_on_the_plate,7,7,libero_spatial/4/7/7,rollout-vla_jepa,lerobot/VLA-JEPA-LIBERO,libero,relative,true,,125,125,0,124,true,1,1,true,pick up the black bowl in the top drawer of the wooden cabinet and place it on the plate,pick_up_the_black_bowl_in_the_top_drawer_of_the_wooden_cabinet_and_place_it_on_the_plate.bddl,/outputs/videos/vla_jepa/libero_spatial__4__7__7__success.mp4,failure-signatures-v1,not_applicable_success,,,,,
vla_jepa,libero_spatial,4,pick_up_the_black_bowl_in_the_top_drawer_of_the_wooden_cabinet_and_place_it_on_the_plate,8,7,libero_spatial/4/8/7,rollout-vla_jepa,lerobot/VLA-JEPA-LIBERO,libero,relative,true,,120,120,0,119,true,1,1,true,pick up the black bowl in the top drawer of the wooden cabinet and place it on the plate,pick_up_the_black_bowl_in_the_top_drawer_of_the_wooden_cabinet_and_place_it_on_the_plate.bddl,/outputs/videos/vla_jepa/libero_spatial__4__8__7__success.mp4,failure-signatures-v1,not_applicable_success,,,,,
vla_jepa,libero_spatial,4,pick_up_the_black_bowl_in_the_top_drawer_of_the_wooden_cabinet_and_place_it_on_the_plate,9,7,libero_spatial/4/9/7,rollout-vla_jepa,lerobot/VLA-JEPA-LIBERO,libero,relative,true,,132,132,0,131,true,1,1,true,pick up the black bowl in the top drawer of the wooden cabinet and place it on the plate,pick_up_the_black_bowl_in_the_top_drawer_of_the_wooden_cabinet_and_place_it_on_the_plate.bddl,/outputs/videos/vla_jepa/libero_spatial__4__9__7__success.mp4,failure-signatures-v1,not_applicable_success,,,,,
vla_jepa,libero_spatial,5,pick_up_the_black_bowl_on_the_ramekin_and_place_it_on_the_plate,0,7,libero_spatial/5/0/7,rollout-vla_jepa,lerobot/VLA-JEPA-LIBERO,libero,relative,true,,86,86,0,85,true,1,1,true,pick up the black bowl on the ramekin and place it on the plate,pick_up_the_black_bowl_on_the_ramekin_and_place_it_on_the_plate.bddl,/outputs/videos/vla_jepa/libero_spatial__5__0__7__success.mp4,failure-signatures-v1,not_applicable_success,,,,,
vla_jepa,libero_spatial,5,pick_up_the_black_bowl_on_the_ramekin_and_place_it_on_the_plate,1,7,libero_spatial/5/1/7,rollout-vla_jepa,lerobot/VLA-JEPA-LIBERO,libero,relative,false,unlabeled,250,250,0,249,true,0,0,false,pick up the black bowl on the ramekin and place it on the plate,pick_up_the_black_bowl_on_the_ramekin_and_place_it_on_the_plate.bddl,/outputs/videos/vla_jepa/libero_spatial__5__1__7__fail.mp4,failure-signatures-v1,repeated_close_candidate,23,1,true,0.196731686592,0
vla_jepa,libero_spatial,5,pick_up_the_black_bowl_on_the_ramekin_and_place_it_on_the_plate,2,7,libero_spatial/5/2/7,rollout-vla_jepa,lerobot/VLA-JEPA-LIBERO,libero,relative,true,,85,85,0,84,true,1,1,true,pick up the black bowl on the ramekin and place it on the plate,pick_up_the_black_bowl_on_the_ramekin_and_place_it_on_the_plate.bddl,/outputs/videos/vla_jepa/libero_spatial__5__2__7__success.mp4,failure-signatures-v1,not_applicable_success,,,,,
vla_jepa,libero_spatial,5,pick_up_the_black_bowl_on_the_ramekin_and_place_it_on_the_plate,3,7,libero_spatial/5/3/7,rollout-vla_jepa,lerobot/VLA-JEPA-LIBERO,libero,relative,true,,116,116,0,115,true,1,1,true,pick up the black bowl on the ramekin and place it on the plate,pick_up_the_black_bowl_on_the_ramekin_and_place_it_on_the_plate.bddl,/outputs/videos/vla_jepa/libero_spatial__5__3__7__success.mp4,failure-signatures-v1,not_applicable_success,,,,,
vla_jepa,libero_spatial,5,pick_up_the_black_bowl_on_the_ramekin_and_place_it_on_the_plate,4,7,libero_spatial/5/4/7,rollout-vla_jepa,lerobot/VLA-JEPA-LIBERO,libero,relative,true,,78,78,0,77,true,1,1,true,pick up the black bowl on the ramekin and place it on the plate,pick_up_the_black_bowl_on_the_ramekin_and_place_it_on_the_plate.bddl,/outputs/videos/vla_jepa/libero_spatial__5__4__7__success.mp4,failure-signatures-v1,not_applicable_success,,,,,
vla_jepa,libero_spatial,5,pick_up_the_black_bowl_on_the_ramekin_and_place_it_on_the_plate,5,7,libero_spatial/5/5/7,rollout-vla_jepa,lerobot/VLA-JEPA-LIBERO,libero,relative,true,,81,81,0,80,true,1,1,true,pick up the black bowl on the ramekin and place it on the plate,pick_up_the_black_bowl_on_the_ramekin_and_place_it_on_the_plate.bddl,/outputs/videos/vla_jepa/libero_spatial__5__5__7__success.mp4,failure-signatures-v1,not_applicable_success,,,,,
vla_jepa,libero_spatial,5,pick_up_the_black_bowl_on_the_ramekin_and_place_it_on_the_plate,6,7,libero_spatial/5/6/7,rollout-vla_jepa,lerobot/VLA-JEPA-LIBERO,libero,relative,true,,81,81,0,80,true,1,1,true,pick up the black bowl on the ramekin and place it on the plate,pick_up_the_black_bowl_on_the_ramekin_and_place_it_on_the_plate.bddl,/outputs/videos/vla_jepa/libero_spatial__5__6__7__success.mp4,failure-signatures-v1,not_applicable_success,,,,,
vla_jepa,libero_spatial,5,pick_up_the_black_bowl_on_the_ramekin_and_place_it_on_the_plate,7,7,libero_spatial/5/7/7,rollout-vla_jepa,lerobot/VLA-JEPA-LIBERO,libero,relative,true,,86,86,0,85,true,1,1,true,pick up the black bowl on the ramekin and place it on the plate,pick_up_the_black_bowl_on_the_ramekin_and_place_it_on_the_plate.bddl,/outputs/videos/vla_jepa/libero_spatial__5__7__7__success.mp4,failure-signatures-v1,not_applicable_success,,,,,
vla_jepa,libero_spatial,5,pick_up_the_black_bowl_on_the_ramekin_and_place_it_on_the_plate,8,7,libero_spatial/5/8/7,rollout-vla_jepa,lerobot/VLA-JEPA-LIBERO,libero,relative,true,,86,86,0,85,true,1,1,true,pick up the black bowl on the ramekin and place it on the plate,pick_up_the_black_bowl_on_the_ramekin_and_place_it_on_the_plate.bddl,/outputs/videos/vla_jepa/libero_spatial__5__8__7__success.mp4,failure-signatures-v1,not_applicable_success,,,,,
vla_jepa,libero_spatial,5,pick_up_the_black_bowl_on_the_ramekin_and_place_it_on_the_plate,9,7,libero_spatial/5/9/7,rollout-vla_jepa,lerobot/VLA-JEPA-LIBERO,libero,relative,true,,85,85,0,84,true,1,1,true,pick up the black bowl on the ramekin and place it on the plate,pick_up_the_black_bowl_on_the_ramekin_and_place_it_on_the_plate.bddl,/outputs/videos/vla_jepa/libero_spatial__5__9__7__success.mp4,failure-signatures-v1,not_applicable_success,,,,,
vla_jepa,libero_spatial,6,pick_up_the_black_bowl_next_to_the_cookie_box_and_place_it_on_the_plate,0,7,libero_spatial/6/0/7,rollout-vla_jepa,lerobot/VLA-JEPA-LIBERO,libero,relative,true,,107,107,0,106,true,1,1,true,pick up the black bowl next to the cookie box and place it on the plate,pick_up_the_black_bowl_next_to_the_cookie_box_and_place_it_on_the_plate.bddl,/outputs/videos/vla_jepa/libero_spatial__6__0__7__success.mp4,failure-signatures-v1,not_applicable_success,,,,,
vla_jepa,libero_spatial,6,pick_up_the_black_bowl_next_to_the_cookie_box_and_place_it_on_the_plate,1,7,libero_spatial/6/1/7,rollout-vla_jepa,lerobot/VLA-JEPA-LIBERO,libero,relative,true,,99,99,0,98,true,1,1,true,pick up the black bowl next to the cookie box and place it on the plate,pick_up_the_black_bowl_next_to_the_cookie_box_and_place_it_on_the_plate.bddl,/outputs/videos/vla_jepa/libero_spatial__6__1__7__success.mp4,failure-signatures-v1,not_applicable_success,,,,,
vla_jepa,libero_spatial,6,pick_up_the_black_bowl_next_to_the_cookie_box_and_place_it_on_the_plate,2,7,libero_spatial/6/2/7,rollout-vla_jepa,lerobot/VLA-JEPA-LIBERO,libero,relative,true,,101,101,0,100,true,1,1,true,pick up the black bowl next to the cookie box and place it on the plate,pick_up_the_black_bowl_next_to_the_cookie_box_and_place_it_on_the_plate.bddl,/outputs/videos/vla_jepa/libero_spatial__6__2__7__success.mp4,failure-signatures-v1,not_applicable_success,,,,,
vla_jepa,libero_spatial,6,pick_up_the_black_bowl_next_to_the_cookie_box_and_place_it_on_the_plate,3,7,libero_spatial/6/3/7,rollout-vla_jepa,lerobot/VLA-JEPA-LIBERO,libero,relative,true,,98,98,0,97,true,1,1,true,pick up the black bowl next to the cookie box and place it on the plate,pick_up_the_black_bowl_next_to_the_cookie_box_and_place_it_on_the_plate.bddl,/outputs/videos/vla_jepa/libero_spatial__6__3__7__success.mp4,failure-signatures-v1,not_applicable_success,,,,,
vla_jepa,libero_spatial,6,pick_up_the_black_bowl_next_to_the_cookie_box_and_place_it_on_the_plate,4,7,libero_spatial/6/4/7,rollout-vla_jepa,lerobot/VLA-JEPA-LIBERO,libero,relative,true,,95,95,0,94,true,1,1,true,pick up the black bowl next to the cookie box and place it on the plate,pick_up_the_black_bowl_next_to_the_cookie_box_and_place_it_on_the_plate.bddl,/outputs/videos/vla_jepa/libero_spatial__6__4__7__success.mp4,failure-signatures-v1,not_applicable_success,,,,,
vla_jepa,libero_spatial,6,pick_up_the_black_bowl_next_to_the_cookie_box_and_place_it_on_the_plate,5,7,libero_spatial/6/5/7,rollout-vla_jepa,lerobot/VLA-JEPA-LIBERO,libero,relative,true,,101,101,0,100,true,1,1,true,pick up the black bowl next to the cookie box and place it on the plate,pick_up_the_black_bowl_next_to_the_cookie_box_and_place_it_on_the_plate.bddl,/outputs/videos/vla_jepa/libero_spatial__6__5__7__success.mp4,failure-signatures-v1,not_applicable_success,,,,,
vla_jepa,libero_spatial,6,pick_up_the_black_bowl_next_to_the_cookie_box_and_place_it_on_the_plate,6,7,libero_spatial/6/6/7,rollout-vla_jepa,lerobot/VLA-JEPA-LIBERO,libero,relative,true,,103,103,0,102,true,1,1,true,pick up the black bowl next to the cookie box and place it on the plate,pick_up_the_black_bowl_next_to_the_cookie_box_and_place_it_on_the_plate.bddl,/outputs/videos/vla_jepa/libero_spatial__6__6__7__success.mp4,failure-signatures-v1,not_applicable_success,,,,,
vla_jepa,libero_spatial,6,pick_up_the_black_bowl_next_to_the_cookie_box_and_place_it_on_the_plate,7,7,libero_spatial/6/7/7,rollout-vla_jepa,lerobot/VLA-JEPA-LIBERO,libero,relative,true,,101,101,0,100,true,1,1,true,pick up the black bowl next to the cookie box and place it on the plate,pick_up_the_black_bowl_next_to_the_cookie_box_and_place_it_on_the_plate.bddl,/outputs/videos/vla_jepa/libero_spatial__6__7__7__success.mp4,failure-signatures-v1,not_applicable_success,,,,,
vla_jepa,libero_spatial,6,pick_up_the_black_bowl_next_to_the_cookie_box_and_place_it_on_the_plate,8,7,libero_spatial/6/8/7,rollout-vla_jepa,lerobot/VLA-JEPA-LIBERO,libero,relative,true,,100,100,0,99,true,1,1,true,pick up the black bowl next to the cookie box and place it on the plate,pick_up_the_black_bowl_next_to_the_cookie_box_and_place_it_on_the_plate.bddl,/outputs/videos/vla_jepa/libero_spatial__6__8__7__success.mp4,failure-signatures-v1,not_applicable_success,,,,,
vla_jepa,libero_spatial,6,pick_up_the_black_bowl_next_to_the_cookie_box_and_place_it_on_the_plate,9,7,libero_spatial/6/9/7,rollout-vla_jepa,lerobot/VLA-JEPA-LIBERO,libero,relative,true,,97,97,0,96,true,1,1,true,pick up the black bowl next to the cookie box and place it on the plate,pick_up_the_black_bowl_next_to_the_cookie_box_and_place_it_on_the_plate.bddl,/outputs/videos/vla_jepa/libero_spatial__6__9__7__success.mp4,failure-signatures-v1,not_applicable_success,,,,,
vla_jepa,libero_spatial,7,pick_up_the_black_bowl_on_the_stove_and_place_it_on_the_plate,0,7,libero_spatial/7/0/7,rollout-vla_jepa,lerobot/VLA-JEPA-LIBERO,libero,relative,true,,109,109,0,108,true,1,1,true,pick up the black bowl on the stove and place it on the plate,pick_up_the_black_bowl_on_the_stove_and_place_it_on_the_plate.bddl,/outputs/videos/vla_jepa/libero_spatial__7__0__7__success.mp4,failure-signatures-v1,not_applicable_success,,,,,
vla_jepa,libero_spatial,7,pick_up_the_black_bowl_on_the_stove_and_place_it_on_the_plate,1,7,libero_spatial/7/1/7,rollout-vla_jepa,lerobot/VLA-JEPA-LIBERO,libero,relative,true,,109,109,0,108,true,1,1,true,pick up the black bowl on the stove and place it on the plate,pick_up_the_black_bowl_on_the_stove_and_place_it_on_the_plate.bddl,/outputs/videos/vla_jepa/libero_spatial__7__1__7__success.mp4,failure-signatures-v1,not_applicable_success,,,,,
vla_jepa,libero_spatial,7,pick_up_the_black_bowl_on_the_stove_and_place_it_on_the_plate,2,7,libero_spatial/7/2/7,rollout-vla_jepa,lerobot/VLA-JEPA-LIBERO,libero,relative,true,,111,111,0,110,true,1,1,true,pick up the black bowl on the stove and place it on the plate,pick_up_the_black_bowl_on_the_stove_and_place_it_on_the_plate.bddl,/outputs/videos/vla_jepa/libero_spatial__7__2__7__success.mp4,failure-signatures-v1,not_applicable_success,,,,,
vla_jepa,libero_spatial,7,pick_up_the_black_bowl_on_the_stove_and_place_it_on_the_plate,3,7,libero_spatial/7/3/7,rollout-vla_jepa,lerobot/VLA-JEPA-LIBERO,libero,relative,true,,108,108,0,107,true,1,1,true,pick up the black bowl on the stove and place it on the plate,pick_up_the_black_bowl_on_the_stove_and_place_it_on_the_plate.bddl,/outputs/videos/vla_jepa/libero_spatial__7__3__7__success.mp4,failure-signatures-v1,not_applicable_success,,,,,
vla_jepa,libero_spatial,7,pick_up_the_black_bowl_on_the_stove_and_place_it_on_the_plate,4,7,libero_spatial/7/4/7,rollout-vla_jepa,lerobot/VLA-JEPA-LIBERO,libero,relative,true,,107,107,0,106,true,1,1,true,pick up the black bowl on the stove and place it on the plate,pick_up_the_black_bowl_on_the_stove_and_place_it_on_the_plate.bddl,/outputs/videos/vla_jepa/libero_spatial__7__4__7__success.mp4,failure-signatures-v1,not_applicable_success,,,,,
vla_jepa,libero_spatial,7,pick_up_the_black_bowl_on_the_stove_and_place_it_on_the_plate,5,7,libero_spatial/7/5/7,rollout-vla_jepa,lerobot/VLA-JEPA-LIBERO,libero,relative,true,,107,107,0,106,true,1,1,true,pick up the black bowl on the stove and place it on the plate,pick_up_the_black_bowl_on_the_stove_and_place_it_on_the_plate.bddl,/outputs/videos/vla_jepa/libero_spatial__7__5__7__success.mp4,failure-signatures-v1,not_applicable_success,,,,,
vla_jepa,libero_spatial,7,pick_up_the_black_bowl_on_the_stove_and_place_it_on_the_plate,6,7,libero_spatial/7/6/7,rollout-vla_jepa,lerobot/VLA-JEPA-LIBERO,libero,relative,true,,109,109,0,108,true,1,1,true,pick up the black bowl on the stove and place it on the plate,pick_up_the_black_bowl_on_the_stove_and_place_it_on_the_plate.bddl,/outputs/videos/vla_jepa/libero_spatial__7__6__7__success.mp4,failure-signatures-v1,not_applicable_success,,,,,
vla_jepa,libero_spatial,7,pick_up_the_black_bowl_on_the_stove_and_place_it_on_the_plate,7,7,libero_spatial/7/7/7,rollout-vla_jepa,lerobot/VLA-JEPA-LIBERO,libero,relative,true,,109,109,0,108,true,1,1,true,pick up the black bowl on the stove and place it on the plate,pick_up_the_black_bowl_on_the_stove_and_place_it_on_the_plate.bddl,/outputs/videos/vla_jepa/libero_spatial__7__7__7__success.mp4,failure-signatures-v1,not_applicable_success,,,,,
vla_jepa,libero_spatial,7,pick_up_the_black_bowl_on_the_stove_and_place_it_on_the_plate,8,7,libero_spatial/7/8/7,rollout-vla_jepa,lerobot/VLA-JEPA-LIBERO,libero,relative,true,,112,112,0,111,true,1,1,true,pick up the black bowl on the stove and place it on the plate,pick_up_the_black_bowl_on_the_stove_and_place_it_on_the_plate.bddl,/outputs/videos/vla_jepa/libero_spatial__7__8__7__success.mp4,failure-signatures-v1,not_applicable_success,,,,,
vla_jepa,libero_spatial,7,pick_up_the_black_bowl_on_the_stove_and_place_it_on_the_plate,9,7,libero_spatial/7/9/7,rollout-vla_jepa,lerobot/VLA-JEPA-LIBERO,libero,relative,true,,110,110,0,109,true,1,1,true,pick up the black bowl on the stove and place it on the plate,pick_up_the_black_bowl_on_the_stove_and_place_it_on_the_plate.bddl,/outputs/videos/vla_jepa/libero_spatial__7__9__7__success.mp4,failure-signatures-v1,not_applicable_success,,,,,
vla_jepa,libero_spatial,8,pick_up_the_black_bowl_next_to_the_plate_and_place_it_on_the_plate,0,7,libero_spatial/8/0/7,rollout-vla_jepa,lerobot/VLA-JEPA-LIBERO,libero,relative,true,,94,94,0,93,true,1,1,true,pick up the black bowl next to the plate and place it on the plate,pick_up_the_black_bowl_next_to_the_plate_and_place_it_on_the_plate.bddl,/outputs/videos/vla_jepa/libero_spatial__8__0__7__success.mp4,failure-signatures-v1,not_applicable_success,,,,,
vla_jepa,libero_spatial,8,pick_up_the_black_bowl_next_to_the_plate_and_place_it_on_the_plate,1,7,libero_spatial/8/1/7,rollout-vla_jepa,lerobot/VLA-JEPA-LIBERO,libero,relative,true,,93,93,0,92,true,1,1,true,pick up the black bowl next to the plate and place it on the plate,pick_up_the_black_bowl_next_to_the_plate_and_place_it_on_the_plate.bddl,/outputs/videos/vla_jepa/libero_spatial__8__1__7__success.mp4,failure-signatures-v1,not_applicable_success,,,,,
vla_jepa,libero_spatial,8,pick_up_the_black_bowl_next_to_the_plate_and_place_it_on_the_plate,2,7,libero_spatial/8/2/7,rollout-vla_jepa,lerobot/VLA-JEPA-LIBERO,libero,relative,true,,90,90,0,89,true,1,1,true,pick up the black bowl next to the plate and place it on the plate,pick_up_the_black_bowl_next_to_the_plate_and_place_it_on_the_plate.bddl,/outputs/videos/vla_jepa/libero_spatial__8__2__7__success.mp4,failure-signatures-v1,not_applicable_success,,,,,
vla_jepa,libero_spatial,8,pick_up_the_black_bowl_next_to_the_plate_and_place_it_on_the_plate,3,7,libero_spatial/8/3/7,rollout-vla_jepa,lerobot/VLA-JEPA-LIBERO,libero,relative,true,,94,94,0,93,true,1,1,true,pick up the black bowl next to the plate and place it on the plate,pick_up_the_black_bowl_next_to_the_plate_and_place_it_on_the_plate.bddl,/outputs/videos/vla_jepa/libero_spatial__8__3__7__success.mp4,failure-signatures-v1,not_applicable_success,,,,,
vla_jepa,libero_spatial,8,pick_up_the_black_bowl_next_to_the_plate_and_place_it_on_the_plate,4,7,libero_spatial/8/4/7,rollout-vla_jepa,lerobot/VLA-JEPA-LIBERO,libero,relative,true,,141,141,0,140,true,1,1,true,pick up the black bowl next to the plate and place it on the plate,pick_up_the_black_bowl_next_to_the_plate_and_place_it_on_the_plate.bddl,/outputs/videos/vla_jepa/libero_spatial__8__4__7__success.mp4,failure-signatures-v1,not_applicable_success,,,,,
vla_jepa,libero_spatial,8,pick_up_the_black_bowl_next_to_the_plate_and_place_it_on_the_plate,5,7,libero_spatial/8/5/7,rollout-vla_jepa,lerobot/VLA-JEPA-LIBERO,libero,relative,true,,86,86,0,85,true,1,1,true,pick up the black bowl next to the plate and place it on the plate,pick_up_the_black_bowl_next_to_the_plate_and_place_it_on_the_plate.bddl,/outputs/videos/vla_jepa/libero_spatial__8__5__7__success.mp4,failure-signatures-v1,not_applicable_success,,,,,
vla_jepa,libero_spatial,8,pick_up_the_black_bowl_next_to_the_plate_and_place_it_on_the_plate,6,7,libero_spatial/8/6/7,rollout-vla_jepa,lerobot/VLA-JEPA-LIBERO,libero,relative,true,,87,87,0,86,true,1,1,true,pick up the black bowl next to the plate and place it on the plate,pick_up_the_black_bowl_next_to_the_plate_and_place_it_on_the_plate.bddl,/outputs/videos/vla_jepa/libero_spatial__8__6__7__success.mp4,failure-signatures-v1,not_applicable_success,,,,,
vla_jepa,libero_spatial,8,pick_up_the_black_bowl_next_to_the_plate_and_place_it_on_the_plate,7,7,libero_spatial/8/7/7,rollout-vla_jepa,lerobot/VLA-JEPA-LIBERO,libero,relative,true,,85,85,0,84,true,1,1,true,pick up the black bowl next to the plate and place it on the plate,pick_up_the_black_bowl_next_to_the_plate_and_place_it_on_the_plate.bddl,/outputs/videos/vla_jepa/libero_spatial__8__7__7__success.mp4,failure-signatures-v1,not_applicable_success,,,,,
vla_jepa,libero_spatial,8,pick_up_the_black_bowl_next_to_the_plate_and_place_it_on_the_plate,8,7,libero_spatial/8/8/7,rollout-vla_jepa,lerobot/VLA-JEPA-LIBERO,libero,relative,true,,96,96,0,95,true,1,1,true,pick up the black bowl next to the plate and place it on the plate,pick_up_the_black_bowl_next_to_the_plate_and_place_it_on_the_plate.bddl,/outputs/videos/vla_jepa/libero_spatial__8__8__7__success.mp4,failure-signatures-v1,not_applicable_success,,,,,
vla_jepa,libero_spatial,8,pick_up_the_black_bowl_next_to_the_plate_and_place_it_on_the_plate,9,7,libero_spatial/8/9/7,rollout-vla_jepa,lerobot/VLA-JEPA-LIBERO,libero,relative,true,,83,83,0,82,true,1,1,true,pick up the black bowl next to the plate and place it on the plate,pick_up_the_black_bowl_next_to_the_plate_and_place_it_on_the_plate.bddl,/outputs/videos/vla_jepa/libero_spatial__8__9__7__success.mp4,failure-signatures-v1,not_applicable_success,,,,,
vla_jepa,libero_spatial,9,pick_up_the_black_bowl_on_the_wooden_cabinet_and_place_it_on_the_plate,0,7,libero_spatial/9/0/7,rollout-vla_jepa,lerobot/VLA-JEPA-LIBERO,libero,relative,true,,114,114,0,113,true,1,1,true,pick up the black bowl on the wooden cabinet and place it on the plate,pick_up_the_black_bowl_on_the_wooden_cabinet_and_place_it_on_the_plate.bddl,/outputs/videos/vla_jepa/libero_spatial__9__0__7__success.mp4,failure-signatures-v1,not_applicable_success,,,,,
vla_jepa,libero_spatial,9,pick_up_the_black_bowl_on_the_wooden_cabinet_and_place_it_on_the_plate,1,7,libero_spatial/9/1/7,rollout-vla_jepa,lerobot/VLA-JEPA-LIBERO,libero,relative,true,,120,120,0,119,true,1,1,true,pick up the black bowl on the wooden cabinet and place it on the plate,pick_up_the_black_bowl_on_the_wooden_cabinet_and_place_it_on_the_plate.bddl,/outputs/videos/vla_jepa/libero_spatial__9__1__7__success.mp4,failure-signatures-v1,not_applicable_success,,,,,
vla_jepa,libero_spatial,9,pick_up_the_black_bowl_on_the_wooden_cabinet_and_place_it_on_the_plate,2,7,libero_spatial/9/2/7,rollout-vla_jepa,lerobot/VLA-JEPA-LIBERO,libero,relative,true,,115,115,0,114,true,1,1,true,pick up the black bowl on the wooden cabinet and place it on the plate,pick_up_the_black_bowl_on_the_wooden_cabinet_and_place_it_on_the_plate.bddl,/outputs/videos/vla_jepa/libero_spatial__9__2__7__success.mp4,failure-signatures-v1,not_applicable_success,,,,,
vla_jepa,libero_spatial,9,pick_up_the_black_bowl_on_the_wooden_cabinet_and_place_it_on_the_plate,3,7,libero_spatial/9/3/7,rollout-vla_jepa,lerobot/VLA-JEPA-LIBERO,libero,relative,true,,118,118,0,117,true,1,1,true,pick up the black bowl on the wooden cabinet and place it on the plate,pick_up_the_black_bowl_on_the_wooden_cabinet_and_place_it_on_the_plate.bddl,/outputs/videos/vla_jepa/libero_spatial__9__3__7__success.mp4,failure-signatures-v1,not_applicable_success,,,,,
vla_jepa,libero_spatial,9,pick_up_the_black_bowl_on_the_wooden_cabinet_and_place_it_on_the_plate,4,7,libero_spatial/9/4/7,rollout-vla_jepa,lerobot/VLA-JEPA-LIBERO,libero,relative,true,,113,113,0,112,true,1,1,true,pick up the black bowl on the wooden cabinet and place it on the plate,pick_up_the_black_bowl_on_the_wooden_cabinet_and_place_it_on_the_plate.bddl,/outputs/videos/vla_jepa/libero_spatial__9__4__7__success.mp4,failure-signatures-v1,not_applicable_success,,,,,
vla_jepa,libero_spatial,9,pick_up_the_black_bowl_on_the_wooden_cabinet_and_place_it_on_the_plate,5,7,libero_spatial/9/5/7,rollout-vla_jepa,lerobot/VLA-JEPA-LIBERO,libero,relative,true,,112,112,0,111,true,1,1,true,pick up the black bowl on the wooden cabinet and place it on the plate,pick_up_the_black_bowl_on_the_wooden_cabinet_and_place_it_on_the_plate.bddl,/outputs/videos/vla_jepa/libero_spatial__9__5__7__success.mp4,failure-signatures-v1,not_applicable_success,,,,,
vla_jepa,libero_spatial,9,pick_up_the_black_bowl_on_the_wooden_cabinet_and_place_it_on_the_plate,6,7,libero_spatial/9/6/7,rollout-vla_jepa,lerobot/VLA-JEPA-LIBERO,libero,relative,true,,120,120,0,119,true,1,1,true,pick up the black bowl on the wooden cabinet and place it on the plate,pick_up_the_black_bowl_on_the_wooden_cabinet_and_place_it_on_the_plate.bddl,/outputs/videos/vla_jepa/libero_spatial__9__6__7__success.mp4,failure-signatures-v1,not_applicable_success,,,,,
vla_jepa,libero_spatial,9,pick_up_the_black_bowl_on_the_wooden_cabinet_and_place_it_on_the_plate,7,7,libero_spatial/9/7/7,rollout-vla_jepa,lerobot/VLA-JEPA-LIBERO,libero,relative,true,,119,119,0,118,true,1,1,true,pick up the black bowl on the wooden cabinet and place it on the plate,pick_up_the_black_bowl_on_the_wooden_cabinet_and_place_it_on_the_plate.bddl,/outputs/videos/vla_jepa/libero_spatial__9__7__7__success.mp4,failure-signatures-v1,not_applicable_success,,,,,
vla_jepa,libero_spatial,9,pick_up_the_black_bowl_on_the_wooden_cabinet_and_place_it_on_the_plate,8,7,libero_spatial/9/8/7,rollout-vla_jepa,lerobot/VLA-JEPA-LIBERO,libero,relative,true,,124,124,0,123,true,1,1,true,pick up the black bowl on the wooden cabinet and place it on the plate,pick_up_the_black_bowl_on_the_wooden_cabinet_and_place_it_on_the_plate.bddl,/outputs/videos/vla_jepa/libero_spatial__9__8__7__success.mp4,failure-signatures-v1,not_applicable_success,,,,,
vla_jepa,libero_spatial,9,pick_up_the_black_bowl_on_the_wooden_cabinet_and_place_it_on_the_plate,9,7,libero_spatial/9/9/7,rollout-vla_jepa,lerobot/VLA-JEPA-LIBERO,libero,relative,true,,126,126,0,125,true,1,1,true,pick up the black bowl on the wooden cabinet and place it on the plate,pick_up_the_black_bowl_on_the_wooden_cabinet_and_place_it_on_the_plate.bddl,/outputs/videos/vla_jepa/libero_spatial__9__9__7__success.mp4,failure-signatures-v1,not_applicable_success,,,,,
